{
  "type": "FeatureCollection",
  "features": [
    {
      "type": "Feature",
      "properties": {
        "id": "w261120043",
        "category": "bike_road",
        "category_label": "Bike road (dedicated)",
        "name": "פארק המסילה",
        "osm_way_id": "261120043",
        "partial": false
      },
      "geometry": {
        "type": "LineString",
        "coordinates": [
          [
            35.215124,
            31.7592306
          ],
          [
            35.2151185,
            31.7591347
          ],
          [
            35.214905,
            31.758982
          ],
          [
            35.213944,
            31.758325
          ],
          [
            35.21376,
            31.758191
          ],
          [
            35.213403,
            31.757889
          ],
          [
            35.213194,
            31.757688
          ],
          [
            35.2126311,
            31.7570964
          ],
          [
            35.2120492,
            31.7564848
          ],
          [
            35.2120314,
            31.7564661
          ],
          [
            35.2120122,
            31.7564459
          ],
          [
            35.211606,
            31.756019
          ],
          [
            35.211299,
            31.755668
          ],
          [
            35.2111833,
            31.7555125
          ],
          [
            35.211113,
            31.755418
          ],
          [
            35.210321,
            31.7541572
          ],
          [
            35.210134,
            31.753856
          ],
          [
            35.209879,
            31.753582
          ],
          [
            35.2096149,
            31.7533869
          ],
          [
            35.2094905,
            31.7533148
          ],
          [
            35.208571,
            31.752851
          ],
          [
            35.2085109,
            31.7528177
          ],
          [
            35.208223,
            31.752618
          ],
          [
            35.207836,
            31.752228
          ],
          [
            35.2063269,
            31.7504988
          ],
          [
            35.206095,
            31.750233
          ],
          [
            35.205749,
            31.749896
          ],
          [
            35.205555,
            31.749758
          ],
          [
            35.2054734,
            31.7497162
          ],
          [
            35.205239,
            31.749596
          ],
          [
            35.2044541,
            31.7493227
          ],
          [
            35.204343,
            31.749284
          ],
          [
            35.203975,
            31.749109
          ],
          [
            35.203663,
            31.748883
          ],
          [
            35.2031769,
            31.74845
          ]
        ]
      }
    },
    {
      "type": "Feature",
      "properties": {
        "id": "w203913057",
        "category": "bike_road",
        "category_label": "Bike road (dedicated)",
        "name": "path",
        "osm_way_id": "203913057",
        "partial": false
      },
      "geometry": {
        "type": "LineString",
        "coordinates": [
          [
            35.2020093,
            31.7479268
          ],
          [
            35.2021766,
            31.7479613
          ],
          [
            35.2024344,
            31.7480116
          ],
          [
            35.202586,
            31.748069
          ],
          [
            35.202845,
            31.74819
          ],
          [
            35.202962,
            31.748267
          ],
          [
            35.2031769,
            31.74845
          ]
        ]
      }
    },
    {
      "type": "Feature",
      "properties": {
        "id": "w203913051",
        "category": "bike_road",
        "category_label": "Bike road (dedicated)",
        "name": "footway",
        "osm_way_id": "203913051",
        "partial": false
      },
      "geometry": {
        "type": "LineString",
        "coordinates": [
          [
            35.2020093,
            31.7479268
          ],
          [
            35.2019537,
            31.7479393
          ],
          [
            35.2018647,
            31.7479432
          ],
          [
            35.2016828,
            31.7479615
          ],
          [
            35.2015206,
            31.7479827
          ],
          [
            35.2014503,
            31.7480071
          ],
          [
            35.2012731,
            31.7480779
          ],
          [
            35.2011379,
            31.7481481
          ],
          [
            35.2009652,
            31.7482556
          ],
          [
            35.2008045,
            31.7483821
          ],
          [
            35.2005426,
            31.7486756
          ],
          [
            35.2003798,
            31.7489133
          ],
          [
            35.1998737,
            31.7496327
          ],
          [
            35.1991092,
            31.7507884
          ],
          [
            35.199088,
            31.750819
          ],
          [
            35.1989544,
            31.7510122
          ],
          [
            35.1988612,
            31.7511472
          ],
          [
            35.1985381,
            31.7514748
          ],
          [
            35.198409,
            31.7515379
          ],
          [
            35.1982011,
            31.751628
          ],
          [
            35.1980147,
            31.7516694
          ]
        ]
      }
    },
    {
      "type": "Feature",
      "properties": {
        "id": "w843833396",
        "category": "bike_road",
        "category_label": "Bike road (dedicated)",
        "name": "פארק המסילה",
        "osm_way_id": "843833396",
        "partial": false
      },
      "geometry": {
        "type": "LineString",
        "coordinates": [
          [
            35.1980147,
            31.7516694
          ],
          [
            35.1982411,
            31.7515681
          ],
          [
            35.1983754,
            31.7515037
          ],
          [
            35.198509,
            31.751429
          ],
          [
            35.1988082,
            31.7511187
          ],
          [
            35.1989088,
            31.7509813
          ],
          [
            35.1991976,
            31.7505717
          ],
          [
            35.1997208,
            31.749808
          ],
          [
            35.1997769,
            31.7496612
          ],
          [
            35.199814,
            31.7495919
          ],
          [
            35.1998707,
            31.7495197
          ],
          [
            35.1999983,
            31.7494031
          ],
          [
            35.2003586,
            31.7488772
          ],
          [
            35.2005196,
            31.748656
          ],
          [
            35.2007904,
            31.7483625
          ],
          [
            35.2009532,
            31.7482316
          ],
          [
            35.2011235,
            31.7481337
          ],
          [
            35.2012611,
            31.7480646
          ],
          [
            35.2014426,
            31.7479975
          ],
          [
            35.2015239,
            31.7479698
          ],
          [
            35.2016828,
            31.7479456
          ],
          [
            35.2018413,
            31.7479254
          ],
          [
            35.2019463,
            31.7479188
          ],
          [
            35.2020093,
            31.7479268
          ]
        ]
      }
    },
    {
      "type": "Feature",
      "properties": {
        "id": "w1110062514",
        "category": "bike_road",
        "category_label": "Bike road (dedicated)",
        "name": "path",
        "osm_way_id": "1110062514",
        "partial": false
      },
      "geometry": {
        "type": "LineString",
        "coordinates": [
          [
            35.1967098,
            31.7523021
          ],
          [
            35.1969784,
            31.7522548
          ],
          [
            35.1970966,
            31.752219
          ],
          [
            35.1972838,
            31.7521325
          ],
          [
            35.1975766,
            31.7519996
          ],
          [
            35.1977347,
            31.7518624
          ],
          [
            35.1980254,
            31.7517171
          ],
          [
            35.1980147,
            31.7516694
          ]
        ]
      }
    },
    {
      "type": "Feature",
      "properties": {
        "id": "w203913054",
        "category": "bike_road",
        "category_label": "Bike road (dedicated)",
        "name": "path",
        "osm_way_id": "203913054",
        "partial": false
      },
      "geometry": {
        "type": "LineString",
        "coordinates": [
          [
            35.1931471,
            31.7521782
          ],
          [
            35.193174,
            31.7521896
          ],
          [
            35.1930097,
            31.7524103
          ],
          [
            35.1930566,
            31.7524331
          ],
          [
            35.1932175,
            31.7522033
          ],
          [
            35.1934341,
            31.7522563
          ],
          [
            35.1935328,
            31.7523281
          ],
          [
            35.1939377,
            31.7522677
          ],
          [
            35.1942841,
            31.7522131
          ],
          [
            35.1945986,
            31.7520784
          ],
          [
            35.1948115,
            31.7520501
          ],
          [
            35.1948817,
            31.7520535
          ],
          [
            35.1950298,
            31.7520609
          ],
          [
            35.1952807,
            31.7521126
          ],
          [
            35.1957703,
            31.7522637
          ],
          [
            35.1960218,
            31.7523133
          ],
          [
            35.1962176,
            31.7523226
          ],
          [
            35.1965255,
            31.7523208
          ],
          [
            35.1967098,
            31.7523021
          ]
        ]
      }
    },
    {
      "type": "Feature",
      "properties": {
        "id": "w863525801",
        "category": "bike_friendly",
        "category_label": "Bike-friendly road",
        "name": "דוד איילון",
        "osm_way_id": "863525801",
        "partial": false
      },
      "geometry": {
        "type": "LineString",
        "coordinates": [
          [
            35.1931682,
            31.7518435
          ],
          [
            35.1931764,
            31.7518843
          ],
          [
            35.1931821,
            31.7519326
          ],
          [
            35.1931832,
            31.7519872
          ],
          [
            35.1931811,
            31.7520323
          ],
          [
            35.1931739,
            31.7520775
          ],
          [
            35.1931642,
            31.752122
          ],
          [
            35.1931471,
            31.7521782
          ],
          [
            35.1931202,
            31.7522273
          ],
          [
            35.1930868,
            31.7522707
          ],
          [
            35.1930422,
            31.7523119
          ],
          [
            35.1929176,
            31.7523957
          ],
          [
            35.1922871,
            31.7529845
          ]
        ]
      }
    },
    {
      "type": "Feature",
      "properties": {
        "id": "w156102007",
        "category": "bike_friendly",
        "category_label": "Bike-friendly road",
        "name": "residential",
        "osm_way_id": "156102007",
        "partial": false
      },
      "geometry": {
        "type": "LineString",
        "coordinates": [
          [
            35.2099853,
            31.7529573
          ],
          [
            35.210787,
            31.7527124
          ]
        ]
      }
    },
    {
      "type": "Feature",
      "properties": {
        "id": "w203130490",
        "category": "bike_friendly",
        "category_label": "Bike-friendly road",
        "name": "service",
        "osm_way_id": "203130490",
        "partial": false
      },
      "geometry": {
        "type": "LineString",
        "coordinates": [
          [
            35.2099853,
            31.7529573
          ],
          [
            35.2098982,
            31.7531264
          ],
          [
            35.2098848,
            31.7532416
          ],
          [
            35.2099061,
            31.7533416
          ],
          [
            35.2103809,
            31.7539837
          ]
        ]
      }
    },
    {
      "type": "Feature",
      "properties": {
        "id": "w44052190",
        "category": "bike_friendly",
        "category_label": "Bike-friendly road",
        "name": "מקור חיים",
        "osm_way_id": "44052190",
        "partial": false
      },
      "geometry": {
        "type": "LineString",
        "coordinates": [
          [
            35.2103874,
            31.7511603
          ],
          [
            35.2104686,
            31.7513645
          ],
          [
            35.2106556,
            31.7518345
          ],
          [
            35.2107173,
            31.7520252
          ],
          [
            35.2107363,
            31.7521322
          ],
          [
            35.210744,
            31.7521978
          ],
          [
            35.2107481,
            31.7522914
          ],
          [
            35.2107714,
            31.7525546
          ],
          [
            35.210787,
            31.7527124
          ],
          [
            35.2108189,
            31.7528629
          ],
          [
            35.2108736,
            31.7530176
          ],
          [
            35.2109844,
            31.7532527
          ],
          [
            35.2112737,
            31.7538473
          ],
          [
            35.211509,
            31.7543571
          ],
          [
            35.2115517,
            31.7544498
          ],
          [
            35.2119379,
            31.7552876
          ],
          [
            35.2120498,
            31.7555234
          ],
          [
            35.2121254,
            31.7556577
          ],
          [
            35.2122571,
            31.7558525
          ],
          [
            35.2124248,
            31.7560418
          ],
          [
            35.2125575,
            31.7561325
          ],
          [
            35.2128089,
            31.7563157
          ],
          [
            35.2130004,
            31.756458
          ],
          [
            35.2134413,
            31.7567492
          ],
          [
            35.2136593,
            31.7570295
          ],
          [
            35.2137112,
            31.7570838
          ],
          [
            35.2138217,
            31.7571991
          ],
          [
            35.2144594,
            31.7578787
          ],
          [
            35.2145292,
            31.7579342
          ],
          [
            35.2146034,
            31.7579737
          ]
        ]
      }
    },
    {
      "type": "Feature",
      "properties": {
        "id": "w528530760",
        "category": "bike_friendly",
        "category_label": "Bike-friendly road",
        "name": "חלץ",
        "osm_way_id": "528530760",
        "partial": false
      },
      "geometry": {
        "type": "LineString",
        "coordinates": [
          [
            35.218236,
            31.75662
          ],
          [
            35.217824,
            31.7567329
          ],
          [
            35.216724,
            31.7570356
          ],
          [
            35.2166836,
            31.7570467
          ]
        ]
      }
    },
    {
      "type": "Feature",
      "properties": {
        "id": "w537917954",
        "category": "bike_friendly",
        "category_label": "Bike-friendly road",
        "name": "בנימין",
        "osm_way_id": "537917954",
        "partial": false
      },
      "geometry": {
        "type": "LineString",
        "coordinates": [
          [
            35.2166836,
            31.7570467
          ],
          [
            35.2169498,
            31.7577968
          ]
        ]
      }
    },
    {
      "type": "Feature",
      "properties": {
        "id": "w156102005",
        "category": "bike_friendly",
        "category_label": "Bike-friendly road",
        "name": "גד",
        "osm_way_id": "156102005",
        "partial": false
      },
      "geometry": {
        "type": "LineString",
        "coordinates": [
          [
            35.2185728,
            31.7574173
          ],
          [
            35.2183682,
            31.7569329
          ],
          [
            35.218236,
            31.75662
          ],
          [
            35.2180612,
            31.7562063
          ],
          [
            35.217976,
            31.7560047
          ],
          [
            35.217781,
            31.7555431
          ],
          [
            35.2177042,
            31.7553612
          ],
          [
            35.2176009,
            31.7551168
          ]
        ]
      }
    },
    {
      "type": "Feature",
      "properties": {
        "id": "w4741771",
        "category": "bike_friendly",
        "category_label": "Bike-friendly road",
        "name": "קיבוץ גלויות",
        "osm_way_id": "4741771",
        "partial": false
      },
      "geometry": {
        "type": "LineString",
        "coordinates": [
          [
            35.2194459,
            31.7565824
          ],
          [
            35.2192482,
            31.7559901
          ],
          [
            35.2191688,
            31.7557523
          ],
          [
            35.2189111,
            31.7551798
          ]
        ]
      }
    },
    {
      "type": "Feature",
      "properties": {
        "id": "w4741772",
        "category": "bike_friendly",
        "category_label": "Bike-friendly road",
        "name": "ציפורה",
        "osm_way_id": "4741772",
        "partial": false
      },
      "geometry": {
        "type": "LineString",
        "coordinates": [
          [
            35.2201066,
            31.7547796
          ],
          [
            35.2200432,
            31.7548038
          ],
          [
            35.2193831,
            31.7550562
          ],
          [
            35.2189111,
            31.7551798
          ],
          [
            35.217781,
            31.7555431
          ]
        ]
      }
    },
    {
      "type": "Feature",
      "properties": {
        "id": "w4741770",
        "category": "bike_friendly",
        "category_label": "Bike-friendly road",
        "name": "בן יפונה",
        "osm_way_id": "4741770",
        "partial": false
      },
      "geometry": {
        "type": "LineString",
        "coordinates": [
          [
            35.2183682,
            31.7569329
          ],
          [
            35.2194459,
            31.7565824
          ],
          [
            35.2206832,
            31.7562484
          ],
          [
            35.2207603,
            31.7562254
          ]
        ]
      }
    },
    {
      "type": "Feature",
      "properties": {
        "id": "w111560668",
        "category": "bike_friendly",
        "category_label": "Bike-friendly road",
        "name": "זבולון",
        "osm_way_id": "111560668",
        "partial": false
      },
      "geometry": {
        "type": "LineString",
        "coordinates": [
          [
            35.2184043,
            31.7575289
          ],
          [
            35.2185998,
            31.758009
          ],
          [
            35.2187774,
            31.7584522
          ]
        ]
      }
    },
    {
      "type": "Feature",
      "properties": {
        "id": "w186492318",
        "category": "bike_friendly",
        "category_label": "Bike-friendly road",
        "name": "צדקיהו",
        "osm_way_id": "186492318",
        "partial": false
      },
      "geometry": {
        "type": "LineString",
        "coordinates": [
          [
            35.2181881,
            31.7586486
          ],
          [
            35.2180095,
            31.7582675
          ],
          [
            35.2180103,
            31.7582217
          ],
          [
            35.2185998,
            31.758009
          ]
        ]
      }
    },
    {
      "type": "Feature",
      "properties": {
        "id": "w156099792",
        "category": "bike_friendly",
        "category_label": "Bike-friendly road",
        "name": "אפרים",
        "osm_way_id": "156099792",
        "partial": false
      },
      "geometry": {
        "type": "LineString",
        "coordinates": [
          [
            35.2187774,
            31.7584522
          ],
          [
            35.218948,
            31.7589429
          ]
        ]
      }
    },
    {
      "type": "Feature",
      "properties": {
        "id": "w1391753869",
        "category": "bike_friendly",
        "category_label": "Bike-friendly road",
        "name": "אפרים",
        "osm_way_id": "1391753869",
        "partial": false
      },
      "geometry": {
        "type": "LineString",
        "coordinates": [
          [
            35.218948,
            31.7589429
          ],
          [
            35.2189803,
            31.7590356
          ],
          [
            35.2190108,
            31.7591234
          ]
        ]
      }
    },
    {
      "type": "Feature",
      "properties": {
        "id": "w186491224",
        "category": "bike_friendly",
        "category_label": "Bike-friendly road",
        "name": "אפרים",
        "osm_way_id": "186491224",
        "partial": false
      },
      "geometry": {
        "type": "LineString",
        "coordinates": [
          [
            35.2190108,
            31.7591234
          ],
          [
            35.2192792,
            31.7596685
          ],
          [
            35.2192943,
            31.7596992
          ],
          [
            35.2195594,
            31.7602374
          ]
        ]
      }
    },
    {
      "type": "Feature",
      "properties": {
        "id": "w44279034",
        "category": "bike_friendly",
        "category_label": "Bike-friendly road",
        "name": "אפרים",
        "osm_way_id": "44279034",
        "partial": false
      },
      "geometry": {
        "type": "LineString",
        "coordinates": [
          [
            35.2196029,
            31.7603241
          ],
          [
            35.2198323,
            31.760792
          ],
          [
            35.2198696,
            31.7608557
          ]
        ]
      }
    },
    {
      "type": "Feature",
      "properties": {
        "id": "w1282308200",
        "category": "bike_friendly",
        "category_label": "Bike-friendly road",
        "name": "footway",
        "osm_way_id": "1282308200",
        "partial": false
      },
      "geometry": {
        "type": "LineString",
        "coordinates": [
          [
            35.2196029,
            31.7603241
          ],
          [
            35.2195594,
            31.7602374
          ]
        ]
      }
    },
    {
      "type": "Feature",
      "properties": {
        "id": "w44279036",
        "category": "bike_friendly",
        "category_label": "Bike-friendly road",
        "name": "אפרים",
        "osm_way_id": "44279036",
        "partial": false
      },
      "geometry": {
        "type": "LineString",
        "coordinates": [
          [
            35.2198696,
            31.7608557
          ],
          [
            35.2199446,
            31.7609449
          ],
          [
            35.2200742,
            31.7610991
          ],
          [
            35.2201662,
            31.7612003
          ],
          [
            35.2203738,
            31.7615132
          ]
        ]
      }
    },
    {
      "type": "Feature",
      "properties": {
        "id": "w75897638",
        "category": "bike_friendly",
        "category_label": "Bike-friendly road",
        "name": "footway",
        "osm_way_id": "75897638",
        "partial": false
      },
      "geometry": {
        "type": "LineString",
        "coordinates": [
          [
            35.2203738,
            31.7615132
          ],
          [
            35.2204806,
            31.7616224
          ]
        ]
      }
    },
    {
      "type": "Feature",
      "properties": {
        "id": "w23186526",
        "category": "bike_friendly",
        "category_label": "Bike-friendly road",
        "name": "יאיר",
        "osm_way_id": "23186526",
        "partial": false
      },
      "geometry": {
        "type": "LineString",
        "coordinates": [
          [
            35.2204806,
            31.7616224
          ],
          [
            35.220836,
            31.7620717
          ],
          [
            35.2209368,
            31.7621254
          ],
          [
            35.2209843,
            31.7621435
          ]
        ]
      }
    },
    {
      "type": "Feature",
      "properties": {
        "id": "w185323211",
        "category": "bike_friendly",
        "category_label": "Bike-friendly road",
        "name": "יאיר",
        "osm_way_id": "185323211",
        "partial": false
      },
      "geometry": {
        "type": "LineString",
        "coordinates": [
          [
            35.2209843,
            31.7621435
          ],
          [
            35.2213409,
            31.7626551
          ],
          [
            35.2213617,
            31.762685
          ],
          [
            35.2213882,
            31.762723
          ]
        ]
      }
    },
    {
      "type": "Feature",
      "properties": {
        "id": "w180873486",
        "category": "bike_road",
        "category_label": "Bike road (dedicated)",
        "name": "cycleway",
        "osm_way_id": "180873486",
        "partial": false
      },
      "geometry": {
        "type": "LineString",
        "coordinates": [
          [
            35.2234596,
            31.7631312
          ],
          [
            35.223285,
            31.763111
          ],
          [
            35.2231443,
            31.7631007
          ],
          [
            35.2222198,
            31.7629946
          ],
          [
            35.2215297,
            31.7629154
          ],
          [
            35.2214051,
            31.7628971
          ],
          [
            35.2213193,
            31.7628814
          ],
          [
            35.2210383,
            31.762821
          ],
          [
            35.2205867,
            31.7626973
          ],
          [
            35.2204089,
            31.762636
          ],
          [
            35.2203094,
            31.762606
          ],
          [
            35.2201926,
            31.762559
          ],
          [
            35.2200473,
            31.7624879
          ],
          [
            35.2198326,
            31.7623413
          ],
          [
            35.2195146,
            31.7621522
          ],
          [
            35.2192979,
            31.7620124
          ],
          [
            35.2190975,
            31.7618373
          ],
          [
            35.2189109,
            31.7617081
          ],
          [
            35.218062,
            31.76112
          ],
          [
            35.2170937,
            31.7604657
          ],
          [
            35.2166175,
            31.7601391
          ],
          [
            35.2166008,
            31.7601277
          ],
          [
            35.2153533,
            31.7592752
          ]
        ]
      }
    },
    {
      "type": "Feature",
      "properties": {
        "id": "w1421911965",
        "category": "bike_lane",
        "category_label": "Bike lane on normal road",
        "name": "path",
        "osm_way_id": "1421911965",
        "partial": false
      },
      "geometry": {
        "type": "LineString",
        "coordinates": [
          [
            35.2153533,
            31.7592752
          ],
          [
            35.2152846,
            31.759481
          ],
          [
            35.2152322,
            31.7594383
          ],
          [
            35.2151543,
            31.7593675
          ],
          [
            35.2151312,
            31.7593469
          ],
          [
            35.215124,
            31.7592306
          ]
        ]
      }
    },
    {
      "type": "Feature",
      "properties": {
        "id": "w1411652365",
        "category": "bike_lane",
        "category_label": "Bike lane on normal road",
        "name": "path",
        "osm_way_id": "1411652365",
        "partial": false
      },
      "geometry": {
        "type": "LineString",
        "coordinates": [
          [
            35.2153533,
            31.7592752
          ],
          [
            35.2153649,
            31.7592342
          ]
        ]
      }
    },
    {
      "type": "Feature",
      "properties": {
        "id": "w231125552",
        "category": "bike_road",
        "category_label": "Bike road (dedicated)",
        "name": "path",
        "osm_way_id": "231125552",
        "partial": false
      },
      "geometry": {
        "type": "LineString",
        "coordinates": [
          [
            35.2236951,
            31.767509
          ],
          [
            35.2237671,
            31.7675123
          ],
          [
            35.2237778,
            31.767441
          ],
          [
            35.2238812,
            31.7668816
          ],
          [
            35.2239084,
            31.7667644
          ],
          [
            35.223928,
            31.7667095
          ],
          [
            35.2239528,
            31.7666469
          ],
          [
            35.2239711,
            31.7666076
          ],
          [
            35.2239925,
            31.7665716
          ],
          [
            35.2240237,
            31.7665338
          ],
          [
            35.2240652,
            31.7664848
          ],
          [
            35.2240946,
            31.7664466
          ],
          [
            35.2241196,
            31.7664042
          ],
          [
            35.2241424,
            31.766357
          ],
          [
            35.2241824,
            31.7661748
          ],
          [
            35.2241933,
            31.766143
          ],
          [
            35.2242467,
            31.7660399
          ],
          [
            35.2242665,
            31.7659983
          ],
          [
            35.2244283,
            31.765426
          ],
          [
            35.2244684,
            31.7652399
          ],
          [
            35.2245063,
            31.7650193
          ],
          [
            35.2245308,
            31.7649153
          ],
          [
            35.2245658,
            31.7647666
          ],
          [
            35.2245926,
            31.764648
          ],
          [
            35.2245926,
            31.7644929
          ],
          [
            35.2245926,
            31.7644838
          ],
          [
            35.2245605,
            31.7643287
          ],
          [
            35.2245168,
            31.7641438
          ],
          [
            35.2244639,
            31.7639958
          ],
          [
            35.2243942,
            31.7638596
          ],
          [
            35.2243083,
            31.7637404
          ],
          [
            35.224142,
            31.7635814
          ],
          [
            35.2239596,
            31.76344
          ],
          [
            35.2238416,
            31.7633488
          ],
          [
            35.2237744,
            31.7632985
          ],
          [
            35.2236506,
            31.7632186
          ],
          [
            35.2234596,
            31.7631312
          ]
        ]
      }
    },
    {
      "type": "Feature",
      "properties": {
        "id": "w314248346",
        "category": "bike_road",
        "category_label": "Bike road (dedicated)",
        "name": "path",
        "osm_way_id": "314248346",
        "partial": false
      },
      "geometry": {
        "type": "LineString",
        "coordinates": [
          [
            35.1951404,
            31.7503039
          ],
          [
            35.1951273,
            31.7504081
          ],
          [
            35.1952528,
            31.7507444
          ],
          [
            35.1953397,
            31.7508717
          ],
          [
            35.1954211,
            31.7509848
          ],
          [
            35.195542,
            31.751143
          ],
          [
            35.195712,
            31.751247
          ],
          [
            35.196065,
            31.751403
          ],
          [
            35.196335,
            31.751521
          ],
          [
            35.196729,
            31.751641
          ],
          [
            35.196927,
            31.751722
          ],
          [
            35.197061,
            31.751735
          ],
          [
            35.197313,
            31.751675
          ],
          [
            35.197437,
            31.751661
          ],
          [
            35.1976781,
            31.7516409
          ],
          [
            35.198003,
            31.7516137
          ],
          [
            35.1980099,
            31.7516468
          ],
          [
            35.1980147,
            31.7516694
          ]
        ]
      }
    },
    {
      "type": "Feature",
      "properties": {
        "id": "w1180671106",
        "category": "bike_road",
        "category_label": "Bike road (dedicated)",
        "name": "cycleway",
        "osm_way_id": "1180671106",
        "partial": false
      },
      "geometry": {
        "type": "LineString",
        "coordinates": [
          [
            35.2042305,
            31.7560185
          ],
          [
            35.2041746,
            31.7560572
          ],
          [
            35.2041383,
            31.7561025
          ],
          [
            35.2040895,
            31.7561977
          ],
          [
            35.2040376,
            31.7563081
          ],
          [
            35.2039871,
            31.7564209
          ],
          [
            35.2039238,
            31.7565758
          ],
          [
            35.2038666,
            31.7567324
          ],
          [
            35.2038343,
            31.7568508
          ],
          [
            35.2038172,
            31.7569463
          ],
          [
            35.2038102,
            31.7570049
          ],
          [
            35.2038136,
            31.7570553
          ],
          [
            35.2038225,
            31.7571181
          ],
          [
            35.2038443,
            31.7571827
          ],
          [
            35.2038781,
            31.757252
          ],
          [
            35.2039163,
            31.757308
          ],
          [
            35.2039552,
            31.7573538
          ],
          [
            35.2040011,
            31.7573986
          ],
          [
            35.2044023,
            31.7577742
          ],
          [
            35.2044939,
            31.7578585
          ],
          [
            35.2046191,
            31.7579697
          ],
          [
            35.2047791,
            31.758121
          ],
          [
            35.2048237,
            31.7581757
          ],
          [
            35.2048735,
            31.7582489
          ],
          [
            35.2048999,
            31.7583006
          ],
          [
            35.2049333,
            31.7583788
          ],
          [
            35.2049404,
            31.7584241
          ],
          [
            35.204937,
            31.7584595
          ],
          [
            35.2049387,
            31.7584974
          ],
          [
            35.2049503,
            31.7585309
          ],
          [
            35.2049654,
            31.7585586
          ],
          [
            35.2049855,
            31.7585802
          ],
          [
            35.205019,
            31.758607
          ],
          [
            35.2050718,
            31.7586097
          ],
          [
            35.2051784,
            31.7586152
          ],
          [
            35.2052215,
            31.7586174
          ],
          [
            35.2052177,
            31.758662
          ],
          [
            35.2052193,
            31.758699
          ],
          [
            35.2054494,
            31.7595029
          ],
          [
            35.2054852,
            31.7596274
          ],
          [
            35.2055057,
            31.7597293
          ],
          [
            35.2055192,
            31.7598382
          ],
          [
            35.2055215,
            31.7599748
          ],
          [
            35.2055126,
            31.7600804
          ],
          [
            35.2054979,
            31.7601565
          ],
          [
            35.2054756,
            31.7602263
          ],
          [
            35.2054157,
            31.7603708
          ],
          [
            35.2053493,
            31.7604972
          ],
          [
            35.2053115,
            31.7605533
          ],
          [
            35.2052682,
            31.7606092
          ],
          [
            35.2052108,
            31.760666
          ],
          [
            35.2046892,
            31.7611314
          ],
          [
            35.2045796,
            31.7612437
          ],
          [
            35.2044765,
            31.7613637
          ],
          [
            35.2044715,
            31.7613702
          ],
          [
            35.2044574,
            31.7613943
          ],
          [
            35.2044465,
            31.7614184
          ],
          [
            35.2044371,
            31.7614526
          ],
          [
            35.2044277,
            31.76148
          ],
          [
            35.2044119,
            31.7615092
          ],
          [
            35.2043821,
            31.7615423
          ],
          [
            35.2043489,
            31.7615741
          ],
          [
            35.2043215,
            31.7616066
          ],
          [
            35.2042931,
            31.7616448
          ],
          [
            35.2042279,
            31.7617391
          ],
          [
            35.2040988,
            31.761937
          ],
          [
            35.2040278,
            31.7620691
          ],
          [
            35.2039802,
            31.7621849
          ],
          [
            35.2039448,
            31.7623122
          ],
          [
            35.2039348,
            31.7623985
          ],
          [
            35.2039306,
            31.7624685
          ],
          [
            35.2039419,
            31.7625186
          ],
          [
            35.2039661,
            31.762553
          ],
          [
            35.2039987,
            31.7625825
          ],
          [
            35.2039755,
            31.7626027
          ],
          [
            35.203946,
            31.7626284
          ],
          [
            35.2039461,
            31.7626613
          ],
          [
            35.2039462,
            31.7626984
          ],
          [
            35.2039566,
            31.7627578
          ],
          [
            35.2039668,
            31.7628067
          ],
          [
            35.2039838,
            31.7628675
          ],
          [
            35.2040044,
            31.7629252
          ],
          [
            35.2040219,
            31.7629692
          ],
          [
            35.2040568,
            31.7630396
          ],
          [
            35.2041027,
            31.7631106
          ],
          [
            35.2041861,
            31.7632174
          ],
          [
            35.2042536,
            31.7633007
          ],
          [
            35.2043336,
            31.7633836
          ],
          [
            35.2043956,
            31.7634358
          ],
          [
            35.2044603,
            31.7634837
          ],
          [
            35.2045567,
            31.7635387
          ],
          [
            35.2046952,
            31.7635967
          ],
          [
            35.204787,
            31.7636287
          ],
          [
            35.2048758,
            31.7636501
          ],
          [
            35.2049598,
            31.763665
          ],
          [
            35.2051296,
            31.7636809
          ],
          [
            35.2051231,
            31.7637156
          ],
          [
            35.2051111,
            31.76378
          ],
          [
            35.205179,
            31.7638181
          ],
          [
            35.2052605,
            31.763864
          ],
          [
            35.2053193,
            31.7638969
          ],
          [
            35.2053204,
            31.7639146
          ],
          [
            35.2053283,
            31.7639357
          ],
          [
            35.2053429,
            31.7639606
          ],
          [
            35.2055237,
            31.7640746
          ],
          [
            35.2057055,
            31.7641924
          ],
          [
            35.2057942,
            31.7642605
          ],
          [
            35.2058915,
            31.7643438
          ],
          [
            35.2059582,
            31.7644228
          ],
          [
            35.2060092,
            31.7645019
          ],
          [
            35.2060802,
            31.7646286
          ],
          [
            35.2061171,
            31.7647239
          ],
          [
            35.2061519,
            31.7648687
          ],
          [
            35.2061739,
            31.7650244
          ],
          [
            35.2061848,
            31.765113
          ],
          [
            35.2061916,
            31.7652229
          ],
          [
            35.2061845,
            31.7653755
          ],
          [
            35.2061703,
            31.7654428
          ],
          [
            35.2061628,
            31.7654962
          ],
          [
            35.2061613,
            31.7655272
          ],
          [
            35.2061657,
            31.7655676
          ],
          [
            35.2061759,
            31.7656028
          ],
          [
            35.2061333,
            31.7659283
          ],
          [
            35.2061261,
            31.7660058
          ],
          [
            35.2060641,
            31.766762
          ],
          [
            35.2060727,
            31.7669598
          ],
          [
            35.2061049,
            31.767147
          ],
          [
            35.2061432,
            31.7673312
          ],
          [
            35.2061982,
            31.7675031
          ],
          [
            35.2063087,
            31.7677152
          ],
          [
            35.2064569,
            31.7679338
          ],
          [
            35.2065805,
            31.7680527
          ],
          [
            35.2067119,
            31.7681395
          ],
          [
            35.2068185,
            31.7681948
          ],
          [
            35.2071008,
            31.7683356
          ],
          [
            35.2070746,
            31.7683737
          ],
          [
            35.207044,
            31.7684185
          ],
          [
            35.2070719,
            31.7684622
          ],
          [
            35.2071089,
            31.7684935
          ],
          [
            35.2071607,
            31.7685147
          ],
          [
            35.2072211,
            31.7685233
          ],
          [
            35.2072812,
            31.7685325
          ],
          [
            35.2073427,
            31.7685489
          ],
          [
            35.2075594,
            31.7686172
          ],
          [
            35.2077985,
            31.7686791
          ],
          [
            35.2080376,
            31.7687569
          ],
          [
            35.2081329,
            31.7687966
          ],
          [
            35.2082599,
            31.7688856
          ],
          [
            35.2084561,
            31.7690031
          ],
          [
            35.2086359,
            31.7691094
          ],
          [
            35.2087029,
            31.7691879
          ],
          [
            35.2087468,
            31.7692703
          ],
          [
            35.2087639,
            31.7693238
          ],
          [
            35.2087654,
            31.7693611
          ],
          [
            35.2087533,
            31.7693965
          ],
          [
            35.2087929,
            31.7694354
          ]
        ]
      }
    },
    {
      "type": "Feature",
      "properties": {
        "id": "w1176522526",
        "category": "bike_road",
        "category_label": "Bike road (dedicated)",
        "name": "שותא רוסתבלי",
        "osm_way_id": "1176522526",
        "partial": false
      },
      "geometry": {
        "type": "LineString",
        "coordinates": [
          [
            35.2085637,
            31.7718137
          ],
          [
            35.2084866,
            31.771527
          ],
          [
            35.2085086,
            31.7712403
          ],
          [
            35.2085417,
            31.7709647
          ],
          [
            35.2085748,
            31.7705898
          ],
          [
            35.2085858,
            31.770281
          ],
          [
            35.2086832,
            31.769957
          ],
          [
            35.2086961,
            31.7699179
          ],
          [
            35.2087316,
            31.7698099
          ]
        ]
      }
    },
    {
      "type": "Feature",
      "properties": {
        "id": "w843507260",
        "category": "bike_road",
        "category_label": "Bike road (dedicated)",
        "name": "path",
        "osm_way_id": "843507260",
        "partial": false
      },
      "geometry": {
        "type": "LineString",
        "coordinates": [
          [
            35.2088286,
            31.7699844
          ],
          [
            35.2086961,
            31.7699179
          ],
          [
            35.2077215,
            31.7698282
          ],
          [
            35.2068681,
            31.7694399
          ],
          [
            35.2063639,
            31.7692106
          ]
        ]
      }
    },
    {
      "type": "Feature",
      "properties": {
        "id": "w713076581",
        "category": "bike_road",
        "category_label": "Bike road (dedicated)",
        "name": "path",
        "osm_way_id": "713076581",
        "partial": false
      },
      "geometry": {
        "type": "LineString",
        "coordinates": [
          [
            35.2051356,
            31.7684894
          ],
          [
            35.2055203,
            31.7687936
          ],
          [
            35.2057048,
            31.7689047
          ],
          [
            35.2063639,
            31.7692106
          ]
        ]
      }
    },
    {
      "type": "Feature",
      "properties": {
        "id": "w860923786",
        "category": "bike_road",
        "category_label": "Bike road (dedicated)",
        "name": "path",
        "osm_way_id": "860923786",
        "partial": false
      },
      "geometry": {
        "type": "LineString",
        "coordinates": [
          [
            35.2045201,
            31.7671827
          ],
          [
            35.2044674,
            31.7672063
          ],
          [
            35.2044296,
            31.7672457
          ],
          [
            35.2044638,
            31.7673102
          ],
          [
            35.2045414,
            31.7674574
          ],
          [
            35.2046278,
            31.7676441
          ],
          [
            35.204674,
            31.7677347
          ],
          [
            35.2048076,
            31.767996
          ],
          [
            35.2048395,
            31.7680591
          ],
          [
            35.2048903,
            31.7681397
          ],
          [
            35.2049517,
            31.7682352
          ],
          [
            35.2050195,
            31.7683276
          ],
          [
            35.2051022,
            31.7684395
          ],
          [
            35.2051356,
            31.7684894
          ]
        ]
      }
    },
    {
      "type": "Feature",
      "properties": {
        "id": "w1001054853",
        "category": "bike_friendly",
        "category_label": "Bike-friendly road",
        "name": "path",
        "osm_way_id": "1001054853",
        "partial": false
      },
      "geometry": {
        "type": "LineString",
        "coordinates": [
          [
            35.2045201,
            31.7671827
          ],
          [
            35.2045635,
            31.7671632
          ],
          [
            35.2045192,
            31.7670787
          ],
          [
            35.2044763,
            31.7669968
          ],
          [
            35.2044447,
            31.7669365
          ],
          [
            35.2043654,
            31.7668949
          ]
        ]
      }
    },
    {
      "type": "Feature",
      "properties": {
        "id": "w1451390366",
        "category": "bike_friendly",
        "category_label": "Bike-friendly road",
        "name": "path",
        "osm_way_id": "1451390366",
        "partial": false
      },
      "geometry": {
        "type": "LineString",
        "coordinates": [
          [
            35.2043654,
            31.7668949
          ],
          [
            35.2043221,
            31.7668704
          ]
        ]
      }
    },
    {
      "type": "Feature",
      "properties": {
        "id": "w1001054852",
        "category": "bike_road",
        "category_label": "Bike road (dedicated)",
        "name": "path",
        "osm_way_id": "1001054852",
        "partial": false
      },
      "geometry": {
        "type": "LineString",
        "coordinates": [
          [
            35.2043221,
            31.7668704
          ],
          [
            35.2043281,
            31.7668609
          ],
          [
            35.2043366,
            31.7668198
          ],
          [
            35.2043264,
            31.7667845
          ],
          [
            35.2042833,
            31.7666885
          ],
          [
            35.2042211,
            31.7665918
          ],
          [
            35.2040272,
            31.7663364
          ],
          [
            35.2039843,
            31.7662794
          ],
          [
            35.203936,
            31.7662336
          ],
          [
            35.2039626,
            31.7662096
          ]
        ]
      }
    },
    {
      "type": "Feature",
      "properties": {
        "id": "w743098775",
        "category": "bike_road",
        "category_label": "Bike road (dedicated)",
        "name": "path",
        "osm_way_id": "743098775",
        "partial": false
      },
      "geometry": {
        "type": "LineString",
        "coordinates": [
          [
            35.1999187,
            31.7619063
          ],
          [
            35.1999167,
            31.7619429
          ],
          [
            35.1998992,
            31.7620957
          ],
          [
            35.1998645,
            31.7622865
          ],
          [
            35.1998555,
            31.7623613
          ],
          [
            35.1998556,
            31.7625471
          ],
          [
            35.1998836,
            31.7626512
          ],
          [
            35.1999572,
            31.7628786
          ],
          [
            35.200038,
            31.7630779
          ],
          [
            35.200167,
            31.7633318
          ],
          [
            35.2002643,
            31.7635097
          ],
          [
            35.2003696,
            31.7636756
          ],
          [
            35.2004485,
            31.7637888
          ],
          [
            35.2005937,
            31.7639842
          ],
          [
            35.2007291,
            31.7641493
          ],
          [
            35.2008211,
            31.7642447
          ],
          [
            35.2009487,
            31.7643624
          ],
          [
            35.2010856,
            31.7644658
          ],
          [
            35.2013313,
            31.7646402
          ],
          [
            35.2016065,
            31.7648203
          ],
          [
            35.2035006,
            31.7658607
          ],
          [
            35.2035817,
            31.7659192
          ],
          [
            35.2036482,
            31.7659404
          ],
          [
            35.2038223,
            31.7660187
          ],
          [
            35.2039294,
            31.7661182
          ],
          [
            35.2039855,
            31.766184
          ],
          [
            35.2039626,
            31.7662096
          ]
        ]
      }
    },
    {
      "type": "Feature",
      "properties": {
        "id": "w1019789728",
        "category": "bike_road",
        "category_label": "Bike road (dedicated)",
        "name": "footway",
        "osm_way_id": "1019789728",
        "partial": false
      },
      "geometry": {
        "type": "LineString",
        "coordinates": [
          [
            35.1999187,
            31.7619063
          ],
          [
            35.1999235,
            31.7618267
          ],
          [
            35.1999278,
            31.7617536
          ],
          [
            35.1999331,
            31.7616658
          ]
        ]
      }
    },
    {
      "type": "Feature",
      "properties": {
        "id": "w1067140052",
        "category": "bike_road",
        "category_label": "Bike road (dedicated)",
        "name": "footway",
        "osm_way_id": "1067140052",
        "partial": false
      },
      "geometry": {
        "type": "LineString",
        "coordinates": [
          [
            35.1999013,
            31.7608467
          ],
          [
            35.1999666,
            31.7608484
          ],
          [
            35.1999331,
            31.7616658
          ]
        ]
      }
    },
    {
      "type": "Feature",
      "properties": {
        "id": "w1067140054",
        "category": "bike_road",
        "category_label": "Bike road (dedicated)",
        "name": "footway",
        "osm_way_id": "1067140054",
        "partial": false
      },
      "geometry": {
        "type": "LineString",
        "coordinates": [
          [
            35.1998113,
            31.7608459
          ],
          [
            35.19985,
            31.7608462
          ],
          [
            35.1999013,
            31.7608467
          ]
        ]
      }
    },
    {
      "type": "Feature",
      "properties": {
        "id": "w1019772402",
        "category": "bike_road",
        "category_label": "Bike road (dedicated)",
        "name": "path",
        "osm_way_id": "1019772402",
        "partial": false
      },
      "geometry": {
        "type": "LineString",
        "coordinates": [
          [
            35.1974969,
            31.7577415
          ],
          [
            35.1975226,
            31.7577807
          ],
          [
            35.1975637,
            31.7578342
          ],
          [
            35.1976352,
            31.7579069
          ],
          [
            35.1980225,
            31.7582244
          ],
          [
            35.1984654,
            31.7585955
          ],
          [
            35.1990917,
            31.7591246
          ],
          [
            35.1993935,
            31.7593843
          ],
          [
            35.1994932,
            31.7594733
          ],
          [
            35.1996742,
            31.7597253
          ],
          [
            35.199786,
            31.7599619
          ],
          [
            35.1998416,
            31.7602496
          ],
          [
            35.1998419,
            31.7605138
          ],
          [
            35.1998113,
            31.7608459
          ],
          [
            35.1997548,
            31.7608912
          ],
          [
            35.1997507,
            31.7610146
          ],
          [
            35.1997428,
            31.761118
          ],
          [
            35.1997073,
            31.7611685
          ],
          [
            35.1996906,
            31.7611923
          ]
        ]
      }
    },
    {
      "type": "Feature",
      "properties": {
        "id": "w981134857",
        "category": "bike_friendly",
        "category_label": "Bike-friendly road",
        "name": "footway",
        "osm_way_id": "981134857",
        "partial": false
      },
      "geometry": {
        "type": "LineString",
        "coordinates": [
          [
            35.1983634,
            31.755952
          ],
          [
            35.1977787,
            31.7567296
          ],
          [
            35.1976877,
            31.7568507
          ],
          [
            35.1975042,
            31.7570951
          ],
          [
            35.1974785,
            31.757102
          ],
          [
            35.197452,
            31.7571067
          ],
          [
            35.197423,
            31.7571098
          ],
          [
            35.1973944,
            31.7571116
          ],
          [
            35.1973992,
            31.7571648
          ]
        ]
      }
    },
    {
      "type": "Feature",
      "properties": {
        "id": "w88825675",
        "category": "bike_road",
        "category_label": "Bike road (dedicated)",
        "name": "path",
        "osm_way_id": "88825675",
        "partial": false
      },
      "geometry": {
        "type": "LineString",
        "coordinates": [
          [
            35.2084535,
            31.7745591
          ],
          [
            35.2084476,
            31.7744868
          ],
          [
            35.2084204,
            31.7741512
          ],
          [
            35.2084314,
            31.7737322
          ],
          [
            35.2084592,
            31.7734542
          ],
          [
            35.2084755,
            31.7732911
          ],
          [
            35.2085196,
            31.7728501
          ],
          [
            35.2085968,
            31.7725744
          ],
          [
            35.2085968,
            31.7721996
          ],
          [
            35.2085637,
            31.7718137
          ]
        ]
      }
    },
    {
      "type": "Feature",
      "properties": {
        "id": "w1039866936",
        "category": "bike_road",
        "category_label": "Bike road (dedicated)",
        "name": "path",
        "osm_way_id": "1039866936",
        "partial": false
      },
      "geometry": {
        "type": "LineString",
        "coordinates": [
          [
            35.2086961,
            31.7756286
          ],
          [
            35.2086233,
            31.7756266
          ],
          [
            35.2085429,
            31.7756025
          ],
          [
            35.2083434,
            31.7754182
          ],
          [
            35.2080987,
            31.7750589
          ],
          [
            35.2079546,
            31.7748127
          ],
          [
            35.2077447,
            31.7745755
          ],
          [
            35.2075323,
            31.7743584
          ],
          [
            35.2072061,
            31.774176
          ],
          [
            35.2069606,
            31.7740792
          ]
        ]
      }
    },
    {
      "type": "Feature",
      "properties": {
        "id": "p1_44634926",
        "category": "bike_road",
        "category_label": "Bike road (dedicated)",
        "name": "path",
        "osm_way_id": "44634926",
        "partial": true
      },
      "geometry": {
        "type": "LineString",
        "coordinates": [
          [
            35.20869142478657,
            31.775613273849615
          ],
          [
            35.2085408,
            31.7751195
          ],
          [
            35.20849418742259,
            31.77492412691521
          ]
        ]
      }
    },
    {
      "type": "Feature",
      "properties": {
        "id": "p2_44634926",
        "category": "bike_road",
        "category_label": "Bike road (dedicated)",
        "name": "path",
        "osm_way_id": "44634926",
        "partial": true
      },
      "geometry": {
        "type": "LineString",
        "coordinates": [
          [
            35.20866,
            31.7757979
          ],
          [
            35.2086841,
            31.7757334
          ],
          [
            35.2086961,
            31.7756286
          ],
          [
            35.2085408,
            31.7751195
          ],
          [
            35.2084755,
            31.7748458
          ],
          [
            35.20846458650981,
            31.77470357738021
          ]
        ]
      }
    },
    {
      "type": "Feature",
      "properties": {
        "id": "p3_44634926",
        "category": "bike_road",
        "category_label": "Bike road (dedicated)",
        "name": "path",
        "osm_way_id": "44634926",
        "partial": true
      },
      "geometry": {
        "type": "LineString",
        "coordinates": [
          [
            35.2085408,
            31.7751195
          ],
          [
            35.2084755,
            31.7748458
          ],
          [
            35.208454329584924,
            31.77456991099998
          ]
        ]
      }
    },
    {
      "type": "Feature",
      "properties": {
        "id": "w843432120",
        "category": "bike_road",
        "category_label": "Bike road (dedicated)",
        "name": "path",
        "osm_way_id": "843432120",
        "partial": false
      },
      "geometry": {
        "type": "LineString",
        "coordinates": [
          [
            35.2069606,
            31.7740792
          ],
          [
            35.2067773,
            31.774047
          ],
          [
            35.2065023,
            31.7740264
          ],
          [
            35.2062813,
            31.7740519
          ],
          [
            35.205835,
            31.774134
          ],
          [
            35.2055689,
            31.7741924
          ],
          [
            35.205232,
            31.7742873
          ],
          [
            35.2049144,
            31.774446
          ],
          [
            35.2047504,
            31.7745413
          ],
          [
            35.2044861,
            31.774695
          ]
        ]
      }
    },
    {
      "type": "Feature",
      "properties": {
        "id": "w1190032804",
        "category": "bike_road",
        "category_label": "Bike road (dedicated)",
        "name": "path",
        "osm_way_id": "1190032804",
        "partial": false
      },
      "geometry": {
        "type": "LineString",
        "coordinates": [
          [
            35.2044861,
            31.774695
          ],
          [
            35.2043828,
            31.7747475
          ],
          [
            35.2043257,
            31.7747698
          ],
          [
            35.2042745,
            31.7747806
          ],
          [
            35.2042303,
            31.7747839
          ],
          [
            35.204228,
            31.774807
          ],
          [
            35.2042259,
            31.7748258
          ],
          [
            35.2041883,
            31.7748459
          ],
          [
            35.2041317,
            31.7748761
          ],
          [
            35.2040669,
            31.7749197
          ],
          [
            35.2040518,
            31.774933
          ],
          [
            35.2040032,
            31.7749751
          ]
        ]
      }
    },
    {
      "type": "Feature",
      "properties": {
        "id": "w784701051",
        "category": "bike_friendly",
        "category_label": "Bike-friendly road",
        "name": "קפלן",
        "osm_way_id": "784701051",
        "partial": false
      },
      "geometry": {
        "type": "LineString",
        "coordinates": [
          [
            35.2043731,
            31.77547
          ],
          [
            35.204366,
            31.7755752
          ],
          [
            35.2043431,
            31.7756529
          ],
          [
            35.2042747,
            31.7758219
          ],
          [
            35.2041774,
            31.7760565
          ],
          [
            35.2039553,
            31.7765922
          ],
          [
            35.2037616,
            31.7770592
          ],
          [
            35.2037283,
            31.7771375
          ],
          [
            35.2036822,
            31.7772457
          ],
          [
            35.2036088,
            31.7773871
          ],
          [
            35.2035417,
            31.7774896
          ],
          [
            35.2034541,
            31.7776313
          ]
        ]
      }
    },
    {
      "type": "Feature",
      "properties": {
        "id": "w398457348",
        "category": "bike_friendly",
        "category_label": "Bike-friendly road",
        "name": "קפלן",
        "osm_way_id": "398457348",
        "partial": false
      },
      "geometry": {
        "type": "LineString",
        "coordinates": [
          [
            35.2034541,
            31.7776313
          ],
          [
            35.2033381,
            31.7778123
          ],
          [
            35.2033121,
            31.7778836
          ]
        ]
      }
    },
    {
      "type": "Feature",
      "properties": {
        "id": "w905545891",
        "category": "bike_friendly",
        "category_label": "Bike-friendly road",
        "name": "tertiary",
        "osm_way_id": "905545891",
        "partial": false
      },
      "geometry": {
        "type": "LineString",
        "coordinates": [
          [
            35.2033121,
            31.7778836
          ],
          [
            35.203351,
            31.7778989
          ],
          [
            35.2033831,
            31.7779231
          ],
          [
            35.2034058,
            31.777954
          ],
          [
            35.2034171,
            31.7779891
          ],
          [
            35.2034163,
            31.7780255
          ],
          [
            35.2034028,
            31.7780608
          ],
          [
            35.2033775,
            31.7780916
          ],
          [
            35.2033436,
            31.7781143
          ],
          [
            35.203303,
            31.7781279
          ],
          [
            35.2032572,
            31.7781304
          ],
          [
            35.2032168,
            31.7781229
          ],
          [
            35.2031787,
            31.7781047
          ],
          [
            35.2031483,
            31.7780777
          ]
        ]
      }
    },
    {
      "type": "Feature",
      "properties": {
        "id": "w905545890",
        "category": "bike_friendly",
        "category_label": "Bike-friendly road",
        "name": "tertiary",
        "osm_way_id": "905545890",
        "partial": false
      },
      "geometry": {
        "type": "LineString",
        "coordinates": [
          [
            35.2031483,
            31.7780777
          ],
          [
            35.2031286,
            31.7780449
          ],
          [
            35.2031209,
            31.7780083
          ],
          [
            35.2031261,
            31.7779714
          ],
          [
            35.2031437,
            31.7779374
          ],
          [
            35.2031721,
            31.7779092
          ],
          [
            35.2032031,
            31.7778916
          ],
          [
            35.2032383,
            31.7778811
          ],
          [
            35.2032754,
            31.7778784
          ],
          [
            35.2033121,
            31.7778836
          ]
        ]
      }
    },
    {
      "type": "Feature",
      "properties": {
        "id": "w216977422",
        "category": "bike_friendly",
        "category_label": "Bike-friendly road",
        "name": "קפלן",
        "osm_way_id": "216977422",
        "partial": false
      },
      "geometry": {
        "type": "LineString",
        "coordinates": [
          [
            35.2031483,
            31.7780777
          ],
          [
            35.2029832,
            31.7781501
          ],
          [
            35.2028424,
            31.7782465
          ],
          [
            35.2026125,
            31.7784037
          ],
          [
            35.2025646,
            31.778445
          ],
          [
            35.2025333,
            31.7784719
          ],
          [
            35.2024133,
            31.778596
          ],
          [
            35.2023888,
            31.7786213
          ],
          [
            35.2022776,
            31.7787538
          ],
          [
            35.2021256,
            31.7789483
          ],
          [
            35.2020296,
            31.779091
          ],
          [
            35.2019947,
            31.7791538
          ],
          [
            35.2019472,
            31.7792391
          ],
          [
            35.2018916,
            31.7794092
          ],
          [
            35.2018834,
            31.7794343
          ]
        ]
      }
    },
    {
      "type": "Feature",
      "properties": {
        "id": "w1039984107",
        "category": "bike_road",
        "category_label": "Bike road (dedicated)",
        "name": "path",
        "osm_way_id": "1039984107",
        "partial": false
      },
      "geometry": {
        "type": "LineString",
        "coordinates": [
          [
            35.2040032,
            31.7749751
          ],
          [
            35.2039102,
            31.7749627
          ],
          [
            35.2038918,
            31.7749606
          ],
          [
            35.2035987,
            31.7753768
          ],
          [
            35.2034565,
            31.7756048
          ],
          [
            35.203301,
            31.7758329
          ],
          [
            35.2030596,
            31.7761316
          ],
          [
            35.2027377,
            31.7764645
          ],
          [
            35.20244,
            31.7767632
          ],
          [
            35.2017989,
            31.777413
          ],
          [
            35.2013939,
            31.777812
          ],
          [
            35.2010747,
            31.7781197
          ],
          [
            35.2001708,
            31.7789909
          ],
          [
            35.1992798,
            31.7798981
          ],
          [
            35.1992292,
            31.7799485
          ],
          [
            35.1991753,
            31.7799842
          ],
          [
            35.1991407,
            31.7799937
          ],
          [
            35.1991023,
            31.7799983
          ]
        ]
      }
    },
    {
      "type": "Feature",
      "properties": {
        "id": "w216977423",
        "category": "bike_friendly",
        "category_label": "Bike-friendly road",
        "name": "קפלן",
        "osm_way_id": "216977423",
        "partial": false
      },
      "geometry": {
        "type": "LineString",
        "coordinates": [
          [
            35.2034541,
            31.7776313
          ],
          [
            35.2034502,
            31.7777301
          ],
          [
            35.2034524,
            31.7778181
          ],
          [
            35.2034682,
            31.7778732
          ],
          [
            35.2034891,
            31.7779093
          ],
          [
            35.2035178,
            31.7779399
          ],
          [
            35.2035513,
            31.7779644
          ],
          [
            35.2036355,
            31.7780217
          ]
        ]
      }
    },
    {
      "type": "Feature",
      "properties": {
        "id": "w216979883",
        "category": "bike_friendly",
        "category_label": "Bike-friendly road",
        "name": "service",
        "osm_way_id": "216979883",
        "partial": false
      },
      "geometry": {
        "type": "LineString",
        "coordinates": [
          [
            35.2037087,
            31.7780136
          ],
          [
            35.2039653,
            31.7779492
          ],
          [
            35.2041964,
            31.7779338
          ],
          [
            35.2042902,
            31.7779299
          ],
          [
            35.2043602,
            31.7779293
          ],
          [
            35.2044807,
            31.7779338
          ],
          [
            35.2045355,
            31.7779414
          ],
          [
            35.2046497,
            31.7779573
          ],
          [
            35.2047972,
            31.7779931
          ],
          [
            35.2049403,
            31.7780453
          ],
          [
            35.2050869,
            31.7781117
          ],
          [
            35.2052532,
            31.7782029
          ],
          [
            35.2053308,
            31.7782478
          ],
          [
            35.2054227,
            31.7783048
          ],
          [
            35.2055397,
            31.7783881
          ],
          [
            35.2056248,
            31.7784541
          ],
          [
            35.2056858,
            31.7785065
          ],
          [
            35.2057423,
            31.7785615
          ],
          [
            35.2058076,
            31.7786378
          ],
          [
            35.2058938,
            31.7787515
          ],
          [
            35.2059209,
            31.7787854
          ],
          [
            35.2059365,
            31.7788118
          ],
          [
            35.2059467,
            31.7788416
          ],
          [
            35.2059522,
            31.7788951
          ]
        ]
      }
    },
    {
      "type": "Feature",
      "properties": {
        "id": "w928863867",
        "category": "bike_friendly",
        "category_label": "Bike-friendly road",
        "name": "רוטשילד",
        "osm_way_id": "928863867",
        "partial": false
      },
      "geometry": {
        "type": "LineString",
        "coordinates": [
          [
            35.2036355,
            31.7780217
          ],
          [
            35.2037087,
            31.7780136
          ]
        ]
      }
    },
    {
      "type": "Feature",
      "properties": {
        "id": "w44634926",
        "category": "bike_road",
        "category_label": "Bike road (dedicated)",
        "name": "path",
        "osm_way_id": "44634926",
        "partial": false
      },
      "geometry": {
        "type": "LineString",
        "coordinates": [
          [
            35.2085273,
            31.7759371
          ],
          [
            35.2086265,
            31.7758527
          ],
          [
            35.20866,
            31.7757979
          ],
          [
            35.2086841,
            31.7757334
          ],
          [
            35.2086961,
            31.7756286
          ],
          [
            35.2085408,
            31.7751195
          ],
          [
            35.2084755,
            31.7748458
          ],
          [
            35.2084535,
            31.7745591
          ]
        ]
      }
    },
    {
      "type": "Feature",
      "properties": {
        "id": "w44307289",
        "category": "bike_road",
        "category_label": "Bike road (dedicated)",
        "name": "path",
        "osm_way_id": "44307289",
        "partial": false
      },
      "geometry": {
        "type": "LineString",
        "coordinates": [
          [
            35.2083104,
            31.7761217
          ],
          [
            35.2085273,
            31.7759371
          ]
        ]
      }
    },
    {
      "type": "Feature",
      "properties": {
        "id": "w843093521",
        "category": "bike_road",
        "category_label": "Bike road (dedicated)",
        "name": "path",
        "osm_way_id": "843093521",
        "partial": false
      },
      "geometry": {
        "type": "LineString",
        "coordinates": [
          [
            35.2083158,
            31.776405
          ],
          [
            35.2084544,
            31.7764625
          ],
          [
            35.2088102,
            31.7767914
          ],
          [
            35.2089079,
            31.7769843
          ],
          [
            35.2089308,
            31.7770614
          ],
          [
            35.2089332,
            31.7775957
          ],
          [
            35.2089171,
            31.7780662
          ],
          [
            35.2087709,
            31.7785257
          ],
          [
            35.2087737,
            31.7790906
          ],
          [
            35.2086994,
            31.7792283
          ],
          [
            35.2086378,
            31.7793424
          ],
          [
            35.2086269,
            31.7793625
          ],
          [
            35.208631,
            31.7794732
          ],
          [
            35.2085802,
            31.7798339
          ],
          [
            35.20851,
            31.7800803
          ],
          [
            35.2085465,
            31.7802682
          ],
          [
            35.2085491,
            31.7805083
          ],
          [
            35.2084518,
            31.7809271
          ],
          [
            35.2083387,
            31.781216
          ],
          [
            35.2083138,
            31.7815553
          ],
          [
            35.2083098,
            31.7818693
          ],
          [
            35.2082759,
            31.7819326
          ],
          [
            35.208256,
            31.7819667
          ],
          [
            35.2082536,
            31.7820091
          ],
          [
            35.2082417,
            31.7822952
          ]
        ]
      }
    },
    {
      "type": "Feature",
      "properties": {
        "id": "p4_44307285",
        "category": "bike_road",
        "category_label": "Bike road (dedicated)",
        "name": "path",
        "osm_way_id": "44307285",
        "partial": true
      },
      "geometry": {
        "type": "LineString",
        "coordinates": [
          [
            35.20831112603731,
            31.776398806098282
          ],
          [
            35.20824569172306,
            31.776312093016028
          ]
        ]
      }
    },
    {
      "type": "Feature",
      "properties": {
        "id": "p5_44311436",
        "category": "bike_road",
        "category_label": "Bike road (dedicated)",
        "name": "service",
        "osm_way_id": "44311436",
        "partial": true
      },
      "geometry": {
        "type": "LineString",
        "coordinates": [
          [
            35.20825754130068,
            31.776177274480546
          ],
          [
            35.2082514,
            31.7762175
          ],
          [
            35.20824078408741,
            31.776284364404702
          ]
        ]
      }
    },
    {
      "type": "Feature",
      "properties": {
        "id": "w1441520623",
        "category": "bike_road",
        "category_label": "Bike road (dedicated)",
        "name": "path",
        "osm_way_id": "1441520623",
        "partial": false
      },
      "geometry": {
        "type": "LineString",
        "coordinates": [
          [
            35.2082594,
            31.7761651
          ],
          [
            35.2083104,
            31.7761217
          ]
        ]
      }
    },
    {
      "type": "Feature",
      "properties": {
        "id": "w1529212703",
        "category": "bike_road",
        "category_label": "Bike road (dedicated)",
        "name": "path",
        "osm_way_id": "1529212703",
        "partial": false
      },
      "geometry": {
        "type": "LineString",
        "coordinates": [
          [
            35.2082417,
            31.7822952
          ],
          [
            35.2081416,
            31.7823747
          ],
          [
            35.2081968,
            31.7824361
          ],
          [
            35.2081819,
            31.7827024
          ],
          [
            35.2081521,
            31.7827803
          ]
        ]
      }
    },
    {
      "type": "Feature",
      "properties": {
        "id": "w403751824",
        "category": "bike_road",
        "category_label": "Bike road (dedicated)",
        "name": "path",
        "osm_way_id": "403751824",
        "partial": false
      },
      "geometry": {
        "type": "LineString",
        "coordinates": [
          [
            35.1998886,
            31.7890338
          ],
          [
            35.1999317,
            31.7890116
          ],
          [
            35.1999636,
            31.7889967
          ],
          [
            35.1999891,
            31.7889699
          ],
          [
            35.2000079,
            31.7889323
          ],
          [
            35.2000196,
            31.7888976
          ],
          [
            35.2000277,
            31.7888064
          ],
          [
            35.2000357,
            31.788714
          ],
          [
            35.2000783,
            31.7885649
          ],
          [
            35.2000867,
            31.7885377
          ],
          [
            35.2001164,
            31.7884838
          ],
          [
            35.200146,
            31.7884418
          ],
          [
            35.2001816,
            31.788405
          ],
          [
            35.200136,
            31.7883647
          ],
          [
            35.2001079,
            31.7883406
          ],
          [
            35.2000523,
            31.7882931
          ],
          [
            35.2000979,
            31.788255
          ],
          [
            35.2000744,
            31.7882046
          ],
          [
            35.2000393,
            31.7881294
          ],
          [
            35.2000279,
            31.7881049
          ],
          [
            35.2000473,
            31.788059
          ],
          [
            35.200095,
            31.7879222
          ],
          [
            35.2001213,
            31.7879213
          ],
          [
            35.200174,
            31.7879038
          ],
          [
            35.2002773,
            31.7878344
          ],
          [
            35.2003535,
            31.7877879
          ],
          [
            35.2004736,
            31.7877312
          ],
          [
            35.2005901,
            31.7876854
          ],
          [
            35.2007413,
            31.7876428
          ],
          [
            35.2009009,
            31.787613
          ],
          [
            35.2010646,
            31.7875855
          ],
          [
            35.2014158,
            31.7875509
          ],
          [
            35.2014269,
            31.7875352
          ],
          [
            35.2014285,
            31.7875189
          ],
          [
            35.2014238,
            31.7874996
          ],
          [
            35.2014823,
            31.7874963
          ],
          [
            35.2015433,
            31.7874929
          ],
          [
            35.2016061,
            31.7874893
          ],
          [
            35.2016785,
            31.7874852
          ],
          [
            35.2017367,
            31.7874819
          ],
          [
            35.2017563,
            31.7875
          ],
          [
            35.201795,
            31.7875164
          ],
          [
            35.2018361,
            31.7875231
          ],
          [
            35.2018983,
            31.7875214
          ],
          [
            35.2019646,
            31.7875248
          ],
          [
            35.2020674,
            31.78753
          ],
          [
            35.2023203,
            31.7875427
          ],
          [
            35.2024787,
            31.7875439
          ],
          [
            35.202873,
            31.787547
          ],
          [
            35.2030457,
            31.7875484
          ],
          [
            35.2031347,
            31.7875491
          ],
          [
            35.2031991,
            31.7875496
          ],
          [
            35.2038012,
            31.7875544
          ],
          [
            35.203854,
            31.7875476
          ],
          [
            35.2038936,
            31.7875366
          ],
          [
            35.2039283,
            31.7875161
          ],
          [
            35.2039486,
            31.787493
          ]
        ]
      }
    },
    {
      "type": "Feature",
      "properties": {
        "id": "w1512205148",
        "category": "bike_road",
        "category_label": "Bike road (dedicated)",
        "name": "path",
        "osm_way_id": "1512205148",
        "partial": false
      },
      "geometry": {
        "type": "LineString",
        "coordinates": [
          [
            35.20436,
            31.7875868
          ],
          [
            35.2043313,
            31.787588
          ],
          [
            35.2042382,
            31.7875916
          ],
          [
            35.2041667,
            31.7875916
          ],
          [
            35.2040897,
            31.7875916
          ],
          [
            35.2039841,
            31.7875178
          ],
          [
            35.2039486,
            31.787493
          ]
        ]
      }
    },
    {
      "type": "Feature",
      "properties": {
        "id": "w1512205149",
        "category": "bike_road",
        "category_label": "Bike road (dedicated)",
        "name": "cycleway",
        "osm_way_id": "1512205149",
        "partial": false
      },
      "geometry": {
        "type": "LineString",
        "coordinates": [
          [
            35.2044545,
            31.7875918
          ],
          [
            35.2044167,
            31.7875879
          ],
          [
            35.20436,
            31.7875868
          ]
        ]
      }
    },
    {
      "type": "Feature",
      "properties": {
        "id": "w1123076374",
        "category": "bike_road",
        "category_label": "Bike road (dedicated)",
        "name": "path",
        "osm_way_id": "1123076374",
        "partial": false
      },
      "geometry": {
        "type": "LineString",
        "coordinates": [
          [
            35.2068588,
            31.7864358
          ],
          [
            35.2067333,
            31.7865487
          ],
          [
            35.2064375,
            31.7867309
          ],
          [
            35.2062202,
            31.7868581
          ],
          [
            35.2059193,
            31.7870343
          ],
          [
            35.2052646,
            31.7873762
          ],
          [
            35.2050274,
            31.7874897
          ],
          [
            35.2048585,
            31.7875505
          ],
          [
            35.2047657,
            31.7875748
          ],
          [
            35.2046597,
            31.7875926
          ],
          [
            35.2045557,
            31.7875955
          ],
          [
            35.2044545,
            31.7875918
          ]
        ]
      }
    },
    {
      "type": "Feature",
      "properties": {
        "id": "w1420277917",
        "category": "bike_road",
        "category_label": "Bike road (dedicated)",
        "name": "cycleway",
        "osm_way_id": "1420277917",
        "partial": false
      },
      "geometry": {
        "type": "LineString",
        "coordinates": [
          [
            35.204453,
            31.7876204
          ],
          [
            35.2044167,
            31.7875879
          ],
          [
            35.2044004,
            31.787571
          ],
          [
            35.2043436,
            31.7874952
          ],
          [
            35.2042852,
            31.787406
          ],
          [
            35.2042355,
            31.7873145
          ],
          [
            35.2041815,
            31.7872022
          ],
          [
            35.2041274,
            31.78709
          ],
          [
            35.2040984,
            31.7870258
          ],
          [
            35.204087,
            31.7869976
          ],
          [
            35.2040828,
            31.7869756
          ],
          [
            35.2040818,
            31.7869559
          ],
          [
            35.2040795,
            31.7869358
          ],
          [
            35.2040467,
            31.786834
          ],
          [
            35.2040213,
            31.7867554
          ]
        ]
      }
    },
    {
      "type": "Feature",
      "properties": {
        "id": "w1212557991",
        "category": "bike_road",
        "category_label": "Bike road (dedicated)",
        "name": "footway",
        "osm_way_id": "1212557991",
        "partial": false
      },
      "geometry": {
        "type": "LineString",
        "coordinates": [
          [
            35.2070061,
            31.786227
          ],
          [
            35.2069546,
            31.7863033
          ],
          [
            35.2068903,
            31.786397
          ],
          [
            35.2068588,
            31.7864358
          ]
        ]
      }
    },
    {
      "type": "Feature",
      "properties": {
        "id": "w544980226",
        "category": "bike_road",
        "category_label": "Bike road (dedicated)",
        "name": "path",
        "osm_way_id": "544980226",
        "partial": false
      },
      "geometry": {
        "type": "LineString",
        "coordinates": [
          [
            35.2217089,
            31.7680445
          ],
          [
            35.2217898,
            31.7680517
          ],
          [
            35.2218496,
            31.76807
          ],
          [
            35.2218796,
            31.7680989
          ],
          [
            35.221914,
            31.7681463
          ],
          [
            35.2218971,
            31.7682159
          ],
          [
            35.2218756,
            31.7682631
          ],
          [
            35.2218925,
            31.7683142
          ],
          [
            35.2219354,
            31.768347
          ],
          [
            35.2219783,
            31.7683543
          ],
          [
            35.2220213,
            31.768347
          ],
          [
            35.2220473,
            31.7683178
          ],
          [
            35.2220856,
            31.7682524
          ],
          [
            35.2221071,
            31.7682084
          ],
          [
            35.2221285,
            31.7681646
          ],
          [
            35.2221929,
            31.7681318
          ],
          [
            35.2222787,
            31.7681099
          ],
          [
            35.2223431,
            31.7681172
          ],
          [
            35.222377,
            31.7681325
          ],
          [
            35.2224075,
            31.7681463
          ],
          [
            35.2224719,
            31.7681865
          ],
          [
            35.2225148,
            31.7682084
          ],
          [
            35.2225792,
            31.7682159
          ],
          [
            35.2226309,
            31.7681977
          ],
          [
            35.222665,
            31.7681682
          ],
          [
            35.2227079,
            31.76815
          ],
          [
            35.2227508,
            31.7681463
          ],
          [
            35.222798,
            31.7681536
          ],
          [
            35.2228366,
            31.7681828
          ],
          [
            35.2228409,
            31.7682376
          ],
          [
            35.2228474,
            31.7682531
          ],
          [
            35.222867,
            31.7682996
          ],
          [
            35.2229099,
            31.7683327
          ],
          [
            35.2229606,
            31.7683575
          ]
        ]
      }
    },
    {
      "type": "Feature",
      "properties": {
        "id": "w361710262",
        "category": "bike_road",
        "category_label": "Bike road (dedicated)",
        "name": "service",
        "osm_way_id": "361710262",
        "partial": false
      },
      "geometry": {
        "type": "LineString",
        "coordinates": [
          [
            35.223434,
            31.768401
          ],
          [
            35.2232152,
            31.7683779
          ],
          [
            35.2229606,
            31.7683575
          ]
        ]
      }
    },
    {
      "type": "Feature",
      "properties": {
        "id": "w1530632673",
        "category": "bike_road",
        "category_label": "Bike road (dedicated)",
        "name": "service",
        "osm_way_id": "1530632673",
        "partial": false
      },
      "geometry": {
        "type": "LineString",
        "coordinates": [
          [
            35.2235613,
            31.7684146
          ],
          [
            35.223434,
            31.768401
          ]
        ]
      }
    },
    {
      "type": "Feature",
      "properties": {
        "id": "w917498500",
        "category": "bike_road",
        "category_label": "Bike road (dedicated)",
        "name": "service",
        "osm_way_id": "917498500",
        "partial": false
      },
      "geometry": {
        "type": "LineString",
        "coordinates": [
          [
            35.2236857,
            31.7684575
          ],
          [
            35.2236177,
            31.7684261
          ],
          [
            35.2235613,
            31.7684146
          ]
        ]
      }
    },
    {
      "type": "Feature",
      "properties": {
        "id": "w917498498",
        "category": "bike_road",
        "category_label": "Bike road (dedicated)",
        "name": "service",
        "osm_way_id": "917498498",
        "partial": false
      },
      "geometry": {
        "type": "LineString",
        "coordinates": [
          [
            35.2238473,
            31.7684389
          ],
          [
            35.2238152,
            31.7684426
          ],
          [
            35.2236857,
            31.7684575
          ]
        ]
      }
    },
    {
      "type": "Feature",
      "properties": {
        "id": "w578095444",
        "category": "bike_road",
        "category_label": "Bike road (dedicated)",
        "name": "path",
        "osm_way_id": "578095444",
        "partial": false
      },
      "geometry": {
        "type": "LineString",
        "coordinates": [
          [
            35.224225,
            31.7694449
          ],
          [
            35.2241934,
            31.7695647
          ],
          [
            35.2241496,
            31.7696486
          ],
          [
            35.2240629,
            31.7697905
          ],
          [
            35.2239873,
            31.7699068
          ],
          [
            35.2238875,
            31.7700495
          ],
          [
            35.2233295,
            31.7708811
          ],
          [
            35.2232644,
            31.7709865
          ],
          [
            35.2232154,
            31.7710756
          ],
          [
            35.2231766,
            31.7711575
          ],
          [
            35.2231477,
            31.7712297
          ],
          [
            35.2230872,
            31.7713848
          ],
          [
            35.2230512,
            31.7714664
          ],
          [
            35.223041,
            31.771493
          ],
          [
            35.2230334,
            31.7715183
          ],
          [
            35.223027,
            31.7715454
          ],
          [
            35.2230277,
            31.7716267
          ]
        ]
      }
    },
    {
      "type": "Feature",
      "properties": {
        "id": "w1530651654",
        "category": "bike_road",
        "category_label": "Bike road (dedicated)",
        "name": "path",
        "osm_way_id": "1530651654",
        "partial": false
      },
      "geometry": {
        "type": "LineString",
        "coordinates": [
          [
            35.2242234,
            31.7694113
          ],
          [
            35.224225,
            31.7694449
          ]
        ]
      }
    },
    {
      "type": "Feature",
      "properties": {
        "id": "w1110131179",
        "category": "bike_friendly",
        "category_label": "Bike-friendly road",
        "name": "footway",
        "osm_way_id": "1110131179",
        "partial": false
      },
      "geometry": {
        "type": "LineString",
        "coordinates": [
          [
            35.2237671,
            31.7675123
          ],
          [
            35.2237629,
            31.7675775
          ],
          [
            35.223759,
            31.7676646
          ],
          [
            35.2237604,
            31.7677854
          ],
          [
            35.2237725,
            31.7678994
          ],
          [
            35.2238522,
            31.7681161
          ],
          [
            35.2239251,
            31.7683101
          ],
          [
            35.2239307,
            31.7683285
          ],
          [
            35.2239378,
            31.7683543
          ],
          [
            35.2239426,
            31.7683629
          ],
          [
            35.2239513,
            31.7683726
          ],
          [
            35.22396,
            31.7683767
          ],
          [
            35.2239715,
            31.7683784
          ],
          [
            35.2244635,
            31.7683089
          ],
          [
            35.2244702,
            31.7683075
          ],
          [
            35.2244746,
            31.7683056
          ],
          [
            35.22448,
            31.7683013
          ],
          [
            35.224483,
            31.7682962
          ]
        ]
      }
    },
    {
      "type": "Feature",
      "properties": {
        "id": "w1530632671",
        "category": "bike_friendly",
        "category_label": "Bike-friendly road",
        "name": "בית לחם",
        "osm_way_id": "1530632671",
        "partial": false
      },
      "geometry": {
        "type": "LineString",
        "coordinates": [
          [
            35.2239293,
            31.768429
          ],
          [
            35.2239396,
            31.7684817
          ],
          [
            35.2239476,
            31.7685253
          ],
          [
            35.2239697,
            31.7686434
          ],
          [
            35.2239829,
            31.7686965
          ],
          [
            35.2240824,
            31.7690313
          ],
          [
            35.2241679,
            31.769313
          ],
          [
            35.2241755,
            31.7693492
          ],
          [
            35.2241775,
            31.7693639
          ],
          [
            35.2241784,
            31.7693808
          ],
          [
            35.2241782,
            31.7693965
          ],
          [
            35.2241764,
            31.7694145
          ],
          [
            35.2241737,
            31.769435
          ]
        ]
      }
    },
    {
      "type": "Feature",
      "properties": {
        "id": "p6_1412902578",
        "category": "bike_friendly",
        "category_label": "Bike-friendly road",
        "name": "tertiary",
        "osm_way_id": "1412902578",
        "partial": true
      },
      "geometry": {
        "type": "LineString",
        "coordinates": [
          [
            35.22168106761256,
            31.7679895310348
          ],
          [
            35.221705014040566,
            31.768036825230112
          ]
        ]
      }
    },
    {
      "type": "Feature",
      "properties": {
        "id": "w998137575",
        "category": "bike_friendly",
        "category_label": "Bike-friendly road",
        "name": "tertiary",
        "osm_way_id": "998137575",
        "partial": false
      },
      "geometry": {
        "type": "LineString",
        "coordinates": [
          [
            35.2212283,
            31.767993
          ],
          [
            35.2212626,
            31.7679518
          ],
          [
            35.2213069,
            31.7679184
          ],
          [
            35.221359,
            31.7678943
          ],
          [
            35.2214162,
            31.7678808
          ],
          [
            35.2214754,
            31.7678787
          ],
          [
            35.2215542,
            31.7678943
          ],
          [
            35.2216236,
            31.7679296
          ],
          [
            35.2216769,
            31.7679813
          ]
        ]
      }
    },
    {
      "type": "Feature",
      "properties": {
        "id": "w1018801411",
        "category": "bike_road",
        "category_label": "Bike road (dedicated)",
        "name": "cycleway",
        "osm_way_id": "1018801411",
        "partial": false
      },
      "geometry": {
        "type": "LineString",
        "coordinates": [
          [
            35.2176529,
            31.7679337
          ],
          [
            35.2180188,
            31.7678645
          ],
          [
            35.2182233,
            31.7678442
          ],
          [
            35.2184586,
            31.7678553
          ],
          [
            35.2191338,
            31.7678973
          ],
          [
            35.2202045,
            31.767955
          ],
          [
            35.2203052,
            31.767952
          ],
          [
            35.2203283,
            31.7679312
          ],
          [
            35.220379,
            31.7679302
          ],
          [
            35.2204509,
            31.7679322
          ],
          [
            35.2204959,
            31.7679539
          ],
          [
            35.2208388,
            31.7679731
          ],
          [
            35.2209175,
            31.7679756
          ],
          [
            35.2209806,
            31.7680057
          ]
        ]
      }
    },
    {
      "type": "Feature",
      "properties": {
        "id": "w810243410",
        "category": "bike_friendly",
        "category_label": "Bike-friendly road",
        "name": "מרתין לותר קינג",
        "osm_way_id": "810243410",
        "partial": false
      },
      "geometry": {
        "type": "LineString",
        "coordinates": [
          [
            35.2208293,
            31.768008
          ],
          [
            35.2209806,
            31.7680057
          ],
          [
            35.2210743,
            31.7680032
          ],
          [
            35.2211645,
            31.7679979
          ],
          [
            35.2212283,
            31.767993
          ]
        ]
      }
    },
    {
      "type": "Feature",
      "properties": {
        "id": "w1110131177",
        "category": "bike_road",
        "category_label": "Bike road (dedicated)",
        "name": "cycleway",
        "osm_way_id": "1110131177",
        "partial": false
      },
      "geometry": {
        "type": "LineString",
        "coordinates": [
          [
            35.2167279,
            31.7681174
          ],
          [
            35.2170363,
            31.7680686
          ],
          [
            35.2176529,
            31.7679337
          ]
        ]
      }
    },
    {
      "type": "Feature",
      "properties": {
        "id": "w1212960783",
        "category": "bike_road",
        "category_label": "Bike road (dedicated)",
        "name": "cycleway",
        "osm_way_id": "1212960783",
        "partial": false
      },
      "geometry": {
        "type": "LineString",
        "coordinates": [
          [
            35.2164885,
            31.7682962
          ],
          [
            35.2165729,
            31.768282
          ],
          [
            35.2166533,
            31.7682673
          ],
          [
            35.2166983,
            31.768221
          ],
          [
            35.2167471,
            31.7682093
          ],
          [
            35.2167373,
            31.7681622
          ],
          [
            35.2167279,
            31.7681174
          ]
        ]
      }
    },
    {
      "type": "Feature",
      "properties": {
        "id": "w924851525",
        "category": "bike_road",
        "category_label": "Bike road (dedicated)",
        "name": "cycleway",
        "osm_way_id": "924851525",
        "partial": false
      },
      "geometry": {
        "type": "LineString",
        "coordinates": [
          [
            35.2164885,
            31.7682962
          ],
          [
            35.2164347,
            31.7682911
          ],
          [
            35.2163845,
            31.7682904
          ],
          [
            35.2162877,
            31.7683057
          ],
          [
            35.2161523,
            31.7683438
          ],
          [
            35.2157426,
            31.7684539
          ],
          [
            35.215488,
            31.7685213
          ],
          [
            35.2151955,
            31.7686026
          ],
          [
            35.2150069,
            31.7686391
          ],
          [
            35.2145234,
            31.7687208
          ],
          [
            35.2141951,
            31.7687655
          ],
          [
            35.2141071,
            31.7687721
          ],
          [
            35.2139959,
            31.7687771
          ],
          [
            35.2139045,
            31.7687768
          ],
          [
            35.2137961,
            31.7687787
          ],
          [
            35.2137635,
            31.7687837
          ],
          [
            35.2137329,
            31.768791
          ],
          [
            35.213695,
            31.7688109
          ],
          [
            35.2136686,
            31.768827
          ],
          [
            35.2136364,
            31.7688372
          ],
          [
            35.213604,
            31.768841
          ],
          [
            35.2135617,
            31.7688417
          ],
          [
            35.2135425,
            31.7688504
          ],
          [
            35.2134983,
            31.7688703
          ],
          [
            35.2134421,
            31.7689044
          ],
          [
            35.2133699,
            31.7689596
          ],
          [
            35.2132294,
            31.7690935
          ],
          [
            35.2131925,
            31.7691597
          ],
          [
            35.2131661,
            31.7692091
          ],
          [
            35.2131508,
            31.7692656
          ],
          [
            35.2130944,
            31.7692598
          ]
        ]
      }
    },
    {
      "type": "Feature",
      "properties": {
        "id": "w1110131173",
        "category": "bike_friendly",
        "category_label": "Bike-friendly road",
        "name": "הנשיא",
        "osm_way_id": "1110131173",
        "partial": false
      },
      "geometry": {
        "type": "LineString",
        "coordinates": [
          [
            35.2130944,
            31.7692598
          ],
          [
            35.2130982,
            31.769306
          ],
          [
            35.213106,
            31.7693526
          ],
          [
            35.2131216,
            31.7693974
          ]
        ]
      }
    },
    {
      "type": "Feature",
      "properties": {
        "id": "w924851521",
        "category": "bike_friendly",
        "category_label": "Bike-friendly road",
        "name": "הנשיא",
        "osm_way_id": "924851521",
        "partial": false
      },
      "geometry": {
        "type": "LineString",
        "coordinates": [
          [
            35.2131216,
            31.7693974
          ],
          [
            35.2131606,
            31.7694288
          ],
          [
            35.2132505,
            31.7695075
          ],
          [
            35.2133115,
            31.7695689
          ],
          [
            35.2133518,
            31.7696166
          ],
          [
            35.2133933,
            31.7696695
          ]
        ]
      }
    },
    {
      "type": "Feature",
      "properties": {
        "id": "w4722316",
        "category": "bike_friendly",
        "category_label": "Bike-friendly road",
        "name": "הנשיא",
        "osm_way_id": "4722316",
        "partial": false
      },
      "geometry": {
        "type": "LineString",
        "coordinates": [
          [
            35.2133933,
            31.7696695
          ],
          [
            35.2135776,
            31.7698471
          ],
          [
            35.2139165,
            31.7701937
          ],
          [
            35.2139828,
            31.7702577
          ],
          [
            35.2140544,
            31.7703123
          ]
        ]
      }
    },
    {
      "type": "Feature",
      "properties": {
        "id": "w1176522523",
        "category": "bike_lane",
        "category_label": "Bike lane on normal road",
        "name": "cycleway",
        "osm_way_id": "1176522523",
        "partial": false
      },
      "geometry": {
        "type": "LineString",
        "coordinates": [
          [
            35.2135776,
            31.7698471
          ],
          [
            35.2136366,
            31.7698429
          ],
          [
            35.2137678,
            31.7699829
          ],
          [
            35.2138944,
            31.7701102
          ],
          [
            35.2139798,
            31.7701906
          ],
          [
            35.214107,
            31.7702815
          ],
          [
            35.2142107,
            31.7703409
          ],
          [
            35.214365,
            31.7704194
          ],
          [
            35.2145373,
            31.7704874
          ],
          [
            35.2147931,
            31.7705698
          ],
          [
            35.2147795,
            31.7706053
          ]
        ]
      }
    },
    {
      "type": "Feature",
      "properties": {
        "id": "w20702256",
        "category": "bike_friendly",
        "category_label": "Bike-friendly road",
        "name": "ז'בוטינסקי",
        "osm_way_id": "20702256",
        "partial": false
      },
      "geometry": {
        "type": "LineString",
        "coordinates": [
          [
            35.2140544,
            31.7703123
          ],
          [
            35.214139,
            31.7703663
          ],
          [
            35.2142546,
            31.7704228
          ],
          [
            35.2145615,
            31.7705352
          ],
          [
            35.2147795,
            31.7706053
          ],
          [
            35.2152526,
            31.7707573
          ]
        ]
      }
    },
    {
      "type": "Feature",
      "properties": {
        "id": "w1411652351",
        "category": "bike_friendly",
        "category_label": "Bike-friendly road",
        "name": "ז'בוטינסקי",
        "osm_way_id": "1411652351",
        "partial": false
      },
      "geometry": {
        "type": "LineString",
        "coordinates": [
          [
            35.2152526,
            31.7707573
          ],
          [
            35.2154723,
            31.770829
          ],
          [
            35.2157799,
            31.7709291
          ]
        ]
      }
    },
    {
      "type": "Feature",
      "properties": {
        "id": "w1411652350",
        "category": "bike_friendly",
        "category_label": "Bike-friendly road",
        "name": "ז'בוטינסקי",
        "osm_way_id": "1411652350",
        "partial": false
      },
      "geometry": {
        "type": "LineString",
        "coordinates": [
          [
            35.2157799,
            31.7709291
          ],
          [
            35.2160228,
            31.7709963
          ]
        ]
      }
    },
    {
      "type": "Feature",
      "properties": {
        "id": "w1411652349",
        "category": "bike_friendly",
        "category_label": "Bike-friendly road",
        "name": "ז'בוטינסקי",
        "osm_way_id": "1411652349",
        "partial": false
      },
      "geometry": {
        "type": "LineString",
        "coordinates": [
          [
            35.2160228,
            31.7709963
          ],
          [
            35.2161222,
            31.7710238
          ]
        ]
      }
    },
    {
      "type": "Feature",
      "properties": {
        "id": "w1411652341",
        "category": "bike_friendly",
        "category_label": "Bike-friendly road",
        "name": "ז'בוטינסקי",
        "osm_way_id": "1411652341",
        "partial": false
      },
      "geometry": {
        "type": "LineString",
        "coordinates": [
          [
            35.2161222,
            31.7710238
          ],
          [
            35.2162552,
            31.7710492
          ],
          [
            35.2163701,
            31.7710623
          ],
          [
            35.2164614,
            31.7710702
          ]
        ]
      }
    },
    {
      "type": "Feature",
      "properties": {
        "id": "w1411652338",
        "category": "bike_friendly",
        "category_label": "Bike-friendly road",
        "name": "ז'בוטינסקי",
        "osm_way_id": "1411652338",
        "partial": false
      },
      "geometry": {
        "type": "LineString",
        "coordinates": [
          [
            35.2164614,
            31.7710702
          ],
          [
            35.2165511,
            31.7710665
          ],
          [
            35.216634,
            31.771057
          ],
          [
            35.216725,
            31.7710381
          ],
          [
            35.2168233,
            31.7710106
          ]
        ]
      }
    },
    {
      "type": "Feature",
      "properties": {
        "id": "w917393852",
        "category": "bike_friendly",
        "category_label": "Bike-friendly road",
        "name": "כיכר אורד וינגייט",
        "osm_way_id": "917393852",
        "partial": false
      },
      "geometry": {
        "type": "LineString",
        "coordinates": [
          [
            35.2168233,
            31.7710106
          ],
          [
            35.2168318,
            31.7709926
          ],
          [
            35.2168445,
            31.7709745
          ],
          [
            35.2168599,
            31.7709589
          ],
          [
            35.2168779,
            31.7709457
          ],
          [
            35.2168981,
            31.7709349
          ],
          [
            35.2169201,
            31.770927
          ],
          [
            35.2169432,
            31.7709221
          ],
          [
            35.2169669,
            31.7709203
          ],
          [
            35.2169915,
            31.7709218
          ],
          [
            35.217014,
            31.7709263
          ],
          [
            35.2170361,
            31.7709339
          ],
          [
            35.2170565,
            31.7709443
          ]
        ]
      }
    },
    {
      "type": "Feature",
      "properties": {
        "id": "w1411652333",
        "category": "bike_friendly",
        "category_label": "Bike-friendly road",
        "name": "דוד מרכוס",
        "osm_way_id": "1411652333",
        "partial": false
      },
      "geometry": {
        "type": "LineString",
        "coordinates": [
          [
            35.2168779,
            31.7709457
          ],
          [
            35.2169044,
            31.7708878
          ],
          [
            35.2169221,
            31.7708369
          ],
          [
            35.2169363,
            31.7707777
          ],
          [
            35.2169524,
            31.7706975
          ]
        ]
      }
    },
    {
      "type": "Feature",
      "properties": {
        "id": "w158010404",
        "category": "bike_friendly",
        "category_label": "Bike-friendly road",
        "name": "דוד מרכוס",
        "osm_way_id": "158010404",
        "partial": false
      },
      "geometry": {
        "type": "LineString",
        "coordinates": [
          [
            35.2169524,
            31.7706975
          ],
          [
            35.2169464,
            31.7704289
          ],
          [
            35.216933,
            31.7698582
          ],
          [
            35.2168828,
            31.769309
          ]
        ]
      }
    },
    {
      "type": "Feature",
      "properties": {
        "id": "w810243400",
        "category": "bike_friendly",
        "category_label": "Bike-friendly road",
        "name": "דוד מרכוס",
        "osm_way_id": "810243400",
        "partial": false
      },
      "geometry": {
        "type": "LineString",
        "coordinates": [
          [
            35.2168828,
            31.769309
          ],
          [
            35.2168769,
            31.7692589
          ],
          [
            35.2168713,
            31.7692233
          ],
          [
            35.216862,
            31.769185
          ],
          [
            35.2168522,
            31.769154
          ],
          [
            35.2168377,
            31.7691187
          ]
        ]
      }
    },
    {
      "type": "Feature",
      "properties": {
        "id": "w1413559194",
        "category": "bike_friendly",
        "category_label": "Bike-friendly road",
        "name": "tertiary",
        "osm_way_id": "1413559194",
        "partial": false
      },
      "geometry": {
        "type": "LineString",
        "coordinates": [
          [
            35.2169329,
            31.7691242
          ],
          [
            35.2169154,
            31.7691348
          ],
          [
            35.2168946,
            31.7691398
          ],
          [
            35.2168732,
            31.7691386
          ],
          [
            35.2168534,
            31.7691313
          ],
          [
            35.2168377,
            31.7691187
          ],
          [
            35.2168279,
            31.7691024
          ],
          [
            35.2168251,
            31.7690843
          ],
          [
            35.2168284,
            31.7690693
          ],
          [
            35.2168365,
            31.7690558
          ],
          [
            35.2168487,
            31.7690447
          ],
          [
            35.2168641,
            31.769037
          ],
          [
            35.2168815,
            31.7690333
          ],
          [
            35.2168993,
            31.7690339
          ]
        ]
      }
    },
    {
      "type": "Feature",
      "properties": {
        "id": "w810243404",
        "category": "bike_friendly",
        "category_label": "Bike-friendly road",
        "name": "דוד מרכוס",
        "osm_way_id": "810243404",
        "partial": false
      },
      "geometry": {
        "type": "LineString",
        "coordinates": [
          [
            35.2168284,
            31.7690693
          ],
          [
            35.2168228,
            31.7690395
          ],
          [
            35.2168132,
            31.7689968
          ],
          [
            35.2167574,
            31.7688415
          ]
        ]
      }
    },
    {
      "type": "Feature",
      "properties": {
        "id": "w810243402",
        "category": "bike_friendly",
        "category_label": "Bike-friendly road",
        "name": "דוד מרכוס",
        "osm_way_id": "810243402",
        "partial": false
      },
      "geometry": {
        "type": "LineString",
        "coordinates": [
          [
            35.2167574,
            31.7688415
          ],
          [
            35.2166569,
            31.7685589
          ],
          [
            35.2165913,
            31.7683521
          ],
          [
            35.2165729,
            31.768282
          ],
          [
            35.2165534,
            31.7681953
          ]
        ]
      }
    },
    {
      "type": "Feature",
      "properties": {
        "id": "w1176522524",
        "category": "bike_road",
        "category_label": "Bike road (dedicated)",
        "name": "cycleway",
        "osm_way_id": "1176522524",
        "partial": false
      },
      "geometry": {
        "type": "LineString",
        "coordinates": [
          [
            35.2112828,
            31.7673636
          ],
          [
            35.211098,
            31.767987
          ]
        ]
      }
    },
    {
      "type": "Feature",
      "properties": {
        "id": "p7_20216780",
        "category": "bike_road",
        "category_label": "Bike road (dedicated)",
        "name": "path",
        "osm_way_id": "20216780",
        "partial": true
      },
      "geometry": {
        "type": "LineString",
        "coordinates": [
          [
            35.20474426589209,
            31.77453444481338
          ],
          [
            35.2046262,
            31.7744025
          ],
          [
            35.20456444231145,
            31.774327515036948
          ]
        ]
      }
    },
    {
      "type": "Feature",
      "properties": {
        "id": "p8_20216780",
        "category": "bike_road",
        "category_label": "Bike road (dedicated)",
        "name": "path",
        "osm_way_id": "20216780",
        "partial": true
      },
      "geometry": {
        "type": "LineString",
        "coordinates": [
          [
            35.20456172015897,
            31.774314316166127
          ],
          [
            35.2046495,
            31.7741512
          ],
          [
            35.20477811928902,
            31.77396862194815
          ]
        ]
      }
    },
    {
      "type": "Feature",
      "properties": {
        "id": "w20216783",
        "category": "bike_road",
        "category_label": "Bike road (dedicated)",
        "name": "footway",
        "osm_way_id": "20216783",
        "partial": false
      },
      "geometry": {
        "type": "LineString",
        "coordinates": [
          [
            35.2047837,
            31.7739607
          ],
          [
            35.2050685,
            31.7739527
          ],
          [
            35.2054655,
            31.7738645
          ],
          [
            35.2057354,
            31.7737911
          ]
        ]
      }
    },
    {
      "type": "Feature",
      "properties": {
        "id": "w20216785",
        "category": "bike_road",
        "category_label": "Bike road (dedicated)",
        "name": "footway",
        "osm_way_id": "20216785",
        "partial": false
      },
      "geometry": {
        "type": "LineString",
        "coordinates": [
          [
            35.2057354,
            31.7737911
          ],
          [
            35.2059658,
            31.7737643
          ],
          [
            35.2064054,
            31.7736736
          ],
          [
            35.2066019,
            31.7736269
          ],
          [
            35.2067824,
            31.7735903
          ],
          [
            35.2071309,
            31.7737957
          ],
          [
            35.2073966,
            31.7739543
          ],
          [
            35.2074915,
            31.7740125
          ],
          [
            35.2075785,
            31.7740359
          ],
          [
            35.2076609,
            31.7740564
          ]
        ]
      }
    },
    {
      "type": "Feature",
      "properties": {
        "id": "w88825744",
        "category": "bike_road",
        "category_label": "Bike road (dedicated)",
        "name": "footway",
        "osm_way_id": "88825744",
        "partial": false
      },
      "geometry": {
        "type": "LineString",
        "coordinates": [
          [
            35.2076609,
            31.7740564
          ],
          [
            35.207836,
            31.7741732
          ],
          [
            35.2081668,
            31.7743606
          ],
          [
            35.2084476,
            31.7744868
          ]
        ]
      }
    },
    {
      "type": "Feature",
      "properties": {
        "id": "w1377721812",
        "category": "bike_road",
        "category_label": "Bike road (dedicated)",
        "name": "path",
        "osm_way_id": "1377721812",
        "partial": false
      },
      "geometry": {
        "type": "LineString",
        "coordinates": [
          [
            35.2038918,
            31.7749606
          ],
          [
            35.2038887,
            31.774848
          ],
          [
            35.2038753,
            31.774799
          ],
          [
            35.2038096,
            31.774734
          ],
          [
            35.2037278,
            31.7746929
          ],
          [
            35.2036299,
            31.7746678
          ],
          [
            35.203485,
            31.7746673
          ],
          [
            35.2033563,
            31.7747089
          ],
          [
            35.2032175,
            31.7747898
          ],
          [
            35.2031852,
            31.7748529
          ],
          [
            35.2031752,
            31.7748742
          ],
          [
            35.2031551,
            31.7750099
          ],
          [
            35.2030747,
            31.7751273
          ],
          [
            35.2029714,
            31.7752139
          ],
          [
            35.2028507,
            31.7753781
          ],
          [
            35.2027528,
            31.7755024
          ],
          [
            35.2026187,
            31.7756084
          ],
          [
            35.2024081,
            31.7756996
          ],
          [
            35.2022941,
            31.7757213
          ],
          [
            35.2015887,
            31.7757444
          ],
          [
            35.201526,
            31.7756854
          ]
        ]
      }
    },
    {
      "type": "Feature",
      "properties": {
        "id": "w1176447577",
        "category": "bike_road",
        "category_label": "Bike road (dedicated)",
        "name": "path",
        "osm_way_id": "1176447577",
        "partial": false
      },
      "geometry": {
        "type": "LineString",
        "coordinates": [
          [
            35.1986744,
            31.7792852
          ],
          [
            35.1987073,
            31.7792595
          ],
          [
            35.1989036,
            31.7790796
          ],
          [
            35.1991681,
            31.7788329
          ],
          [
            35.199373,
            31.7786269
          ],
          [
            35.1995645,
            31.7784988
          ],
          [
            35.1997468,
            31.7781545
          ],
          [
            35.1999909,
            31.7778085
          ],
          [
            35.2001661,
            31.7775725
          ],
          [
            35.2002393,
            31.777474
          ],
          [
            35.2003493,
            31.7772904
          ],
          [
            35.2005738,
            31.7769777
          ],
          [
            35.2009101,
            31.7764793
          ],
          [
            35.2011089,
            31.7761818
          ],
          [
            35.2011178,
            31.7761615
          ],
          [
            35.2011712,
            31.7760396
          ],
          [
            35.201237,
            31.7758509
          ],
          [
            35.2012626,
            31.7756913
          ],
          [
            35.2012717,
            31.7755445
          ],
          [
            35.2012234,
            31.7753227
          ],
          [
            35.201146,
            31.7751321
          ],
          [
            35.2011347,
            31.7751042
          ],
          [
            35.2010395,
            31.7749257
          ],
          [
            35.2009325,
            31.7747771
          ],
          [
            35.2007887,
            31.7745887
          ],
          [
            35.2007127,
            31.7744893
          ],
          [
            35.200686,
            31.7744544
          ],
          [
            35.200631,
            31.774396
          ],
          [
            35.2005434,
            31.7743803
          ]
        ]
      }
    },
    {
      "type": "Feature",
      "properties": {
        "id": "w1176447568",
        "category": "bike_road",
        "category_label": "Bike road (dedicated)",
        "name": "path",
        "osm_way_id": "1176447568",
        "partial": false
      },
      "geometry": {
        "type": "LineString",
        "coordinates": [
          [
            35.1970745,
            31.7797885
          ],
          [
            35.1970776,
            31.7797613
          ],
          [
            35.1970831,
            31.7797129
          ],
          [
            35.1971024,
            31.7796858
          ],
          [
            35.197128,
            31.7796499
          ],
          [
            35.1971715,
            31.7795888
          ],
          [
            35.1971965,
            31.7795538
          ],
          [
            35.1973072,
            31.779476
          ],
          [
            35.197385,
            31.7794255
          ],
          [
            35.197421,
            31.7794104
          ],
          [
            35.197633,
            31.7793259
          ],
          [
            35.1978342,
            31.7792708
          ],
          [
            35.1979891,
            31.7792332
          ],
          [
            35.1980671,
            31.779216
          ],
          [
            35.1981639,
            31.7792081
          ],
          [
            35.1982128,
            31.7792126
          ],
          [
            35.1982677,
            31.7792275
          ],
          [
            35.1983611,
            31.7792635
          ],
          [
            35.198483,
            31.7793119
          ],
          [
            35.1985265,
            31.7793207
          ],
          [
            35.1985716,
            31.7793223
          ],
          [
            35.1986375,
            31.7793054
          ],
          [
            35.1986744,
            31.7792852
          ],
          [
            35.1987256,
            31.7793264
          ],
          [
            35.1988026,
            31.7793883
          ],
          [
            35.198843,
            31.7794209
          ],
          [
            35.1988391,
            31.7794579
          ],
          [
            35.1988498,
            31.7794783
          ],
          [
            35.1988721,
            31.7794979
          ],
          [
            35.1988582,
            31.7795406
          ],
          [
            35.1988404,
            31.7795899
          ],
          [
            35.1988217,
            31.7796475
          ],
          [
            35.1988019,
            31.7796667
          ],
          [
            35.1987903,
            31.7796942
          ],
          [
            35.1987895,
            31.7797374
          ],
          [
            35.1988132,
            31.7797859
          ],
          [
            35.1989106,
            31.7798774
          ],
          [
            35.1990037,
            31.7799647
          ],
          [
            35.1990353,
            31.7799807
          ],
          [
            35.1990719,
            31.7799935
          ],
          [
            35.1991023,
            31.7799983
          ]
        ]
      }
    },
    {
      "type": "Feature",
      "properties": {
        "id": "w1338468969",
        "category": "bike_road",
        "category_label": "Bike road (dedicated)",
        "name": "footway",
        "osm_way_id": "1338468969",
        "partial": false
      },
      "geometry": {
        "type": "LineString",
        "coordinates": [
          [
            35.1990993,
            31.7800844
          ],
          [
            35.1991008,
            31.7800407
          ],
          [
            35.1991023,
            31.7799983
          ]
        ]
      }
    },
    {
      "type": "Feature",
      "properties": {
        "id": "w1176447575",
        "category": "bike_road",
        "category_label": "Bike road (dedicated)",
        "name": "path",
        "osm_way_id": "1176447575",
        "partial": false
      },
      "geometry": {
        "type": "LineString",
        "coordinates": [
          [
            35.198483,
            31.7793119
          ],
          [
            35.1984451,
            31.7793463
          ],
          [
            35.1984045,
            31.7793832
          ],
          [
            35.1983661,
            31.779421
          ],
          [
            35.1983329,
            31.7794538
          ],
          [
            35.198366,
            31.7795406
          ],
          [
            35.1983911,
            31.7795878
          ],
          [
            35.1985153,
            31.7797701
          ],
          [
            35.1985282,
            31.7797891
          ],
          [
            35.1987267,
            31.7800431
          ],
          [
            35.1987951,
            31.7801489
          ],
          [
            35.198811,
            31.7802179
          ],
          [
            35.1988186,
            31.7802758
          ],
          [
            35.1988166,
            31.7803281
          ],
          [
            35.1987855,
            31.7804266
          ],
          [
            35.1987392,
            31.7805334
          ],
          [
            35.1984126,
            31.7811513
          ],
          [
            35.1983769,
            31.7812169
          ],
          [
            35.1983568,
            31.7812465
          ],
          [
            35.1983325,
            31.7812775
          ],
          [
            35.1983022,
            31.7813162
          ],
          [
            35.1982603,
            31.7813696
          ],
          [
            35.1981619,
            31.7814943
          ],
          [
            35.1980604,
            31.7816087
          ],
          [
            35.1979304,
            31.7817357
          ],
          [
            35.1977757,
            31.7818711
          ]
        ]
      }
    },
    {
      "type": "Feature",
      "properties": {
        "id": "w88824904",
        "category": "bike_friendly",
        "category_label": "Bike-friendly road",
        "name": "מנשה הראל",
        "osm_way_id": "88824904",
        "partial": false
      },
      "geometry": {
        "type": "LineString",
        "coordinates": [
          [
            35.1973199,
            31.7802095
          ],
          [
            35.1973409,
            31.78026
          ],
          [
            35.1973826,
            31.7803511
          ],
          [
            35.197521,
            31.7806228
          ],
          [
            35.1975726,
            31.7807068
          ],
          [
            35.1976337,
            31.7807863
          ],
          [
            35.1976842,
            31.7808464
          ],
          [
            35.1978817,
            31.7810651
          ],
          [
            35.1980932,
            31.7812981
          ],
          [
            35.1979545,
            31.7813822
          ],
          [
            35.1978165,
            31.7811351
          ],
          [
            35.197819,
            31.7811131
          ],
          [
            35.1978817,
            31.7810651
          ]
        ]
      }
    },
    {
      "type": "Feature",
      "properties": {
        "id": "w1085454247",
        "category": "bike_friendly",
        "category_label": "Bike-friendly road",
        "name": "מנשה הראל",
        "osm_way_id": "1085454247",
        "partial": false
      },
      "geometry": {
        "type": "LineString",
        "coordinates": [
          [
            35.1972038,
            31.779774
          ],
          [
            35.1972254,
            31.7798714
          ],
          [
            35.197233,
            31.7799056
          ],
          [
            35.1972629,
            31.7800359
          ],
          [
            35.1972736,
            31.7800783
          ],
          [
            35.1972851,
            31.7801157
          ],
          [
            35.1973021,
            31.780164
          ],
          [
            35.1973199,
            31.7802095
          ]
        ]
      }
    },
    {
      "type": "Feature",
      "properties": {
        "id": "w1341828965",
        "category": "bike_friendly",
        "category_label": "Bike-friendly road",
        "name": "מנשה הראל",
        "osm_way_id": "1341828965",
        "partial": false
      },
      "geometry": {
        "type": "LineString",
        "coordinates": [
          [
            35.1972038,
            31.779774
          ],
          [
            35.1971995,
            31.7797466
          ],
          [
            35.1971978,
            31.7797254
          ],
          [
            35.1971971,
            31.7797089
          ],
          [
            35.1971968,
            31.7796917
          ]
        ]
      }
    },
    {
      "type": "Feature",
      "properties": {
        "id": "w1176453341",
        "category": "bike_road",
        "category_label": "Bike road (dedicated)",
        "name": "cycleway",
        "osm_way_id": "1176453341",
        "partial": false
      },
      "geometry": {
        "type": "LineString",
        "coordinates": [
          [
            35.1977757,
            31.7818711
          ],
          [
            35.1976932,
            31.7819342
          ],
          [
            35.1976222,
            31.7819901
          ]
        ]
      }
    },
    {
      "type": "Feature",
      "properties": {
        "id": "w324103911",
        "category": "bike_road",
        "category_label": "Bike road (dedicated)",
        "name": "path",
        "osm_way_id": "324103911",
        "partial": false
      },
      "geometry": {
        "type": "LineString",
        "coordinates": [
          [
            35.1976222,
            31.7819901
          ],
          [
            35.1974679,
            31.7820823
          ],
          [
            35.197329,
            31.7821461
          ],
          [
            35.1971644,
            31.7822133
          ],
          [
            35.1969622,
            31.7822801
          ],
          [
            35.1966209,
            31.7823697
          ]
        ]
      }
    },
    {
      "type": "Feature",
      "properties": {
        "id": "w1176453342",
        "category": "bike_road",
        "category_label": "Bike road (dedicated)",
        "name": "cycleway",
        "osm_way_id": "1176453342",
        "partial": false
      },
      "geometry": {
        "type": "LineString",
        "coordinates": [
          [
            35.1964412,
            31.7824146
          ],
          [
            35.1963673,
            31.7824309
          ],
          [
            35.1954788,
            31.7826262
          ],
          [
            35.1950592,
            31.782755
          ],
          [
            35.1948847,
            31.7828618
          ],
          [
            35.194781,
            31.7829228
          ],
          [
            35.1947031,
            31.7829548
          ],
          [
            35.1947356,
            31.7830082
          ]
        ]
      }
    },
    {
      "type": "Feature",
      "properties": {
        "id": "w324103907",
        "category": "bike_road",
        "category_label": "Bike road (dedicated)",
        "name": "path",
        "osm_way_id": "324103907",
        "partial": false
      },
      "geometry": {
        "type": "LineString",
        "coordinates": [
          [
            35.1966209,
            31.7823697
          ],
          [
            35.1964412,
            31.7824146
          ]
        ]
      }
    },
    {
      "type": "Feature",
      "properties": {
        "id": "w1206687913",
        "category": "bike_road",
        "category_label": "Bike road (dedicated)",
        "name": "cycleway",
        "osm_way_id": "1206687913",
        "partial": false
      },
      "geometry": {
        "type": "LineString",
        "coordinates": [
          [
            35.189359,
            31.7877522
          ],
          [
            35.1893814,
            31.787738
          ],
          [
            35.1894512,
            31.7877389
          ],
          [
            35.1894764,
            31.7877392
          ],
          [
            35.189557,
            31.7877401
          ],
          [
            35.1895636,
            31.7877402
          ],
          [
            35.189605,
            31.7877407
          ],
          [
            35.1896458,
            31.787753
          ],
          [
            35.1896746,
            31.7877617
          ],
          [
            35.1896969,
            31.7877458
          ],
          [
            35.189737,
            31.7877292
          ],
          [
            35.1897949,
            31.7877217
          ],
          [
            35.1905254,
            31.7877248
          ],
          [
            35.1906945,
            31.7877261
          ],
          [
            35.1908478,
            31.7877272
          ],
          [
            35.1908663,
            31.7877273
          ],
          [
            35.1909399,
            31.7877277
          ],
          [
            35.1910186,
            31.7877279
          ],
          [
            35.1914523,
            31.7877288
          ],
          [
            35.1927886,
            31.7877282
          ]
        ]
      }
    },
    {
      "type": "Feature",
      "properties": {
        "id": "w1206687912",
        "category": "bike_road",
        "category_label": "Bike road (dedicated)",
        "name": "cycleway",
        "osm_way_id": "1206687912",
        "partial": false
      },
      "geometry": {
        "type": "LineString",
        "coordinates": [
          [
            35.1858367,
            31.7877739
          ],
          [
            35.185857,
            31.7877733
          ],
          [
            35.1858753,
            31.7877693
          ],
          [
            35.1859017,
            31.7877636
          ],
          [
            35.1859141,
            31.787756
          ],
          [
            35.1859307,
            31.7877487
          ],
          [
            35.1859494,
            31.7877458
          ],
          [
            35.1872175,
            31.7877354
          ],
          [
            35.1874458,
            31.7877372
          ],
          [
            35.1876077,
            31.7877385
          ],
          [
            35.1876324,
            31.7877399
          ],
          [
            35.1876548,
            31.7877434
          ],
          [
            35.1876749,
            31.7877469
          ],
          [
            35.1877149,
            31.7877468
          ],
          [
            35.1878159,
            31.7877481
          ]
        ]
      }
    },
    {
      "type": "Feature",
      "properties": {
        "id": "w1206687232",
        "category": "bike_road",
        "category_label": "Bike road (dedicated)",
        "name": "cycleway",
        "osm_way_id": "1206687232",
        "partial": false
      },
      "geometry": {
        "type": "LineString",
        "coordinates": [
          [
            35.1829231,
            31.7875893
          ],
          [
            35.1833514,
            31.787651
          ],
          [
            35.1835737,
            31.7876751
          ],
          [
            35.1838695,
            31.7877151
          ],
          [
            35.1843115,
            31.7877584
          ],
          [
            35.1844187,
            31.7877648
          ],
          [
            35.1844515,
            31.7877759
          ],
          [
            35.1844922,
            31.7877768
          ],
          [
            35.1845475,
            31.787778
          ],
          [
            35.1845639,
            31.7877752
          ],
          [
            35.184812,
            31.7877699
          ],
          [
            35.1857196,
            31.7877489
          ],
          [
            35.1857652,
            31.7877498
          ],
          [
            35.185795,
            31.7877546
          ],
          [
            35.1858097,
            31.7877656
          ],
          [
            35.1858176,
            31.7877745
          ],
          [
            35.1858367,
            31.7877739
          ]
        ]
      }
    },
    {
      "type": "Feature",
      "properties": {
        "id": "w1157380287",
        "category": "bike_road",
        "category_label": "Bike road (dedicated)",
        "name": "path",
        "osm_way_id": "1157380287",
        "partial": false
      },
      "geometry": {
        "type": "LineString",
        "coordinates": [
          [
            35.1971355,
            31.7574768
          ],
          [
            35.1971976,
            31.7575223
          ],
          [
            35.1974039,
            31.7576735
          ],
          [
            35.1974969,
            31.7577415
          ]
        ]
      }
    },
    {
      "type": "Feature",
      "properties": {
        "id": "w1019789727",
        "category": "bike_road",
        "category_label": "Bike road (dedicated)",
        "name": "path",
        "osm_way_id": "1019789727",
        "partial": false
      },
      "geometry": {
        "type": "LineString",
        "coordinates": [
          [
            35.193253,
            31.7567976
          ],
          [
            35.194379,
            31.7568359
          ],
          [
            35.1945744,
            31.7568451
          ],
          [
            35.1946537,
            31.7568566
          ],
          [
            35.1950982,
            31.7568747
          ],
          [
            35.1953645,
            31.7568896
          ],
          [
            35.1955155,
            31.7569071
          ],
          [
            35.1957054,
            31.7569466
          ],
          [
            35.1959006,
            31.7569991
          ],
          [
            35.1962171,
            31.7571064
          ],
          [
            35.1971355,
            31.7574768
          ]
        ]
      }
    },
    {
      "type": "Feature",
      "properties": {
        "id": "w1176447581",
        "category": "bike_road",
        "category_label": "Bike road (dedicated)",
        "name": "path",
        "osm_way_id": "1176447581",
        "partial": false
      },
      "geometry": {
        "type": "LineString",
        "coordinates": [
          [
            35.193253,
            31.7567976
          ],
          [
            35.1931924,
            31.7567992
          ],
          [
            35.193128,
            31.7568001
          ],
          [
            35.1931057,
            31.7567938
          ],
          [
            35.1930805,
            31.756775
          ]
        ]
      }
    },
    {
      "type": "Feature",
      "properties": {
        "id": "w956552171",
        "category": "bike_road",
        "category_label": "Bike road (dedicated)",
        "name": "path",
        "osm_way_id": "956552171",
        "partial": false
      },
      "geometry": {
        "type": "LineString",
        "coordinates": [
          [
            35.1930805,
            31.756775
          ],
          [
            35.1930336,
            31.7567277
          ],
          [
            35.1929949,
            31.7567156
          ],
          [
            35.1928947,
            31.7567103
          ]
        ]
      }
    },
    {
      "type": "Feature",
      "properties": {
        "id": "w1176447578",
        "category": "bike_road",
        "category_label": "Bike road (dedicated)",
        "name": "path",
        "osm_way_id": "1176447578",
        "partial": false
      },
      "geometry": {
        "type": "LineString",
        "coordinates": [
          [
            35.1928947,
            31.7567103
          ],
          [
            35.1928283,
            31.7567104
          ],
          [
            35.1926181,
            31.7566304
          ],
          [
            35.1921433,
            31.7564524
          ],
          [
            35.1921192,
            31.7564434
          ],
          [
            35.1914898,
            31.75605
          ],
          [
            35.1914514,
            31.756026
          ],
          [
            35.1910877,
            31.7557644
          ],
          [
            35.1909885,
            31.7556931
          ],
          [
            35.1908884,
            31.7556234
          ],
          [
            35.1908516,
            31.7556341
          ],
          [
            35.1908189,
            31.7556453
          ],
          [
            35.1907874,
            31.7555652
          ],
          [
            35.1907498,
            31.755506
          ],
          [
            35.1906977,
            31.755449
          ],
          [
            35.1903545,
            31.7551429
          ],
          [
            35.189735,
            31.7548012
          ],
          [
            35.1892029,
            31.7545825
          ],
          [
            35.188926,
            31.7544924
          ],
          [
            35.188558,
            31.7544183
          ],
          [
            35.1881281,
            31.7544158
          ],
          [
            35.1875353,
            31.7544495
          ]
        ]
      }
    },
    {
      "type": "Feature",
      "properties": {
        "id": "w1163464400",
        "category": "bike_road",
        "category_label": "Bike road (dedicated)",
        "name": "path",
        "osm_way_id": "1163464400",
        "partial": false
      },
      "geometry": {
        "type": "LineString",
        "coordinates": [
          [
            35.1858635,
            31.7570231
          ],
          [
            35.1859376,
            31.7569864
          ],
          [
            35.185959,
            31.7569875
          ],
          [
            35.1860288,
            31.7569441
          ],
          [
            35.1860636,
            31.7569225
          ],
          [
            35.1861669,
            31.756845
          ],
          [
            35.1862501,
            31.7567708
          ],
          [
            35.1863171,
            31.7566819
          ],
          [
            35.1863372,
            31.7566021
          ],
          [
            35.1863614,
            31.7564903
          ],
          [
            35.186356,
            31.7563843
          ],
          [
            35.1863158,
            31.7562816
          ],
          [
            35.1862715,
            31.756195
          ],
          [
            35.1861964,
            31.7561094
          ],
          [
            35.1860972,
            31.7560239
          ],
          [
            35.1859885,
            31.7559589
          ],
          [
            35.1858531,
            31.755911
          ],
          [
            35.1856881,
            31.7558859
          ],
          [
            35.1855615,
            31.7558856
          ],
          [
            35.1854369,
            31.7558952
          ],
          [
            35.1853377,
            31.7559097
          ],
          [
            35.1852207,
            31.7559341
          ],
          [
            35.1851055,
            31.7559649
          ],
          [
            35.1848466,
            31.7560318
          ],
          [
            35.184493,
            31.7561073
          ],
          [
            35.1844231,
            31.7561222
          ],
          [
            35.1841911,
            31.7561668
          ],
          [
            35.1838637,
            31.7562102
          ],
          [
            35.1838124,
            31.7562102
          ],
          [
            35.1837411,
            31.7561717
          ],
          [
            35.1837255,
            31.7561266
          ],
          [
            35.1837261,
            31.7560893
          ],
          [
            35.1837411,
            31.75606
          ],
          [
            35.183903,
            31.7559219
          ],
          [
            35.1841344,
            31.7557199
          ],
          [
            35.1844889,
            31.7554495
          ],
          [
            35.1845317,
            31.755422
          ],
          [
            35.1848814,
            31.7551969
          ],
          [
            35.1852966,
            31.7549842
          ],
          [
            35.1856651,
            31.754844
          ],
          [
            35.185745,
            31.7548177
          ],
          [
            35.1857753,
            31.7548445
          ],
          [
            35.1858237,
            31.7548316
          ],
          [
            35.185946,
            31.7547923
          ],
          [
            35.1859998,
            31.7547437
          ],
          [
            35.1860797,
            31.7547088
          ],
          [
            35.1865189,
            31.754573
          ],
          [
            35.1865638,
            31.7545639
          ],
          [
            35.1867901,
            31.7545181
          ],
          [
            35.1869795,
            31.7544885
          ],
          [
            35.1871283,
            31.7544951
          ],
          [
            35.1871755,
            31.7544908
          ],
          [
            35.1872441,
            31.7544829
          ],
          [
            35.1875353,
            31.7544495
          ]
        ]
      }
    },
    {
      "type": "Feature",
      "properties": {
        "id": "w1163464399",
        "category": "bike_road",
        "category_label": "Bike road (dedicated)",
        "name": "cycleway",
        "osm_way_id": "1163464399",
        "partial": false
      },
      "geometry": {
        "type": "LineString",
        "coordinates": [
          [
            35.1850085,
            31.7574123
          ],
          [
            35.1855409,
            31.7571634
          ],
          [
            35.1855852,
            31.7571543
          ],
          [
            35.1856214,
            31.7571372
          ],
          [
            35.1858635,
            31.7570231
          ]
        ]
      }
    },
    {
      "type": "Feature",
      "properties": {
        "id": "w1163464401",
        "category": "bike_road",
        "category_label": "Bike road (dedicated)",
        "name": "cycleway",
        "osm_way_id": "1163464401",
        "partial": false
      },
      "geometry": {
        "type": "LineString",
        "coordinates": [
          [
            35.1850085,
            31.7574123
          ],
          [
            35.184895,
            31.7574727
          ],
          [
            35.1847629,
            31.7575396
          ],
          [
            35.1846181,
            31.7576296
          ],
          [
            35.1845416,
            31.7577072
          ],
          [
            35.1844893,
            31.757787
          ],
          [
            35.1844437,
            31.7578885
          ],
          [
            35.1844235,
            31.7579786
          ],
          [
            35.1844274,
            31.7580605
          ],
          [
            35.1844448,
            31.7581274
          ],
          [
            35.1844649,
            31.7581875
          ],
          [
            35.1844253,
            31.7581957
          ],
          [
            35.1842729,
            31.7582202
          ],
          [
            35.1842237,
            31.7582259
          ],
          [
            35.1842229,
            31.7582663
          ],
          [
            35.184214,
            31.7583134
          ],
          [
            35.1842005,
            31.7583563
          ],
          [
            35.1841747,
            31.7584043
          ],
          [
            35.1841448,
            31.7584412
          ],
          [
            35.1840898,
            31.7584857
          ],
          [
            35.1839999,
            31.7585426
          ],
          [
            35.1838529,
            31.7586575
          ],
          [
            35.1837314,
            31.7587824
          ],
          [
            35.1836942,
            31.7588207
          ],
          [
            35.1835763,
            31.7589674
          ],
          [
            35.1835005,
            31.7590991
          ],
          [
            35.1834222,
            31.7592569
          ],
          [
            35.1833581,
            31.75945
          ],
          [
            35.1833321,
            31.759632
          ],
          [
            35.1833265,
            31.7597323
          ],
          [
            35.1833247,
            31.7599158
          ],
          [
            35.1833189,
            31.7604372
          ],
          [
            35.1832632,
            31.760454
          ],
          [
            35.1832606,
            31.7605838
          ],
          [
            35.1833139,
            31.7605997
          ],
          [
            35.1833108,
            31.7610149
          ],
          [
            35.1832373,
            31.761075
          ],
          [
            35.1830587,
            31.7616528
          ],
          [
            35.1830423,
            31.761731
          ],
          [
            35.1830292,
            31.7618286
          ],
          [
            35.1828103,
            31.7623066
          ],
          [
            35.1826417,
            31.7625401
          ],
          [
            35.1824346,
            31.7628269
          ],
          [
            35.1823649,
            31.7629136
          ]
        ]
      }
    },
    {
      "type": "Feature",
      "properties": {
        "id": "w1005920186",
        "category": "bike_road",
        "category_label": "Bike road (dedicated)",
        "name": "cycleway",
        "osm_way_id": "1005920186",
        "partial": false
      },
      "geometry": {
        "type": "LineString",
        "coordinates": [
          [
            35.1818257,
            31.7660737
          ],
          [
            35.1818372,
            31.7659407
          ],
          [
            35.1819121,
            31.7658191
          ],
          [
            35.181953,
            31.7657467
          ],
          [
            35.1819837,
            31.7656598
          ],
          [
            35.1820143,
            31.7655338
          ],
          [
            35.1820365,
            31.7654209
          ],
          [
            35.1820467,
            31.7652891
          ],
          [
            35.1820467,
            31.7651964
          ],
          [
            35.1820331,
            31.7650907
          ],
          [
            35.1820024,
            31.7649735
          ],
          [
            35.1818423,
            31.7643725
          ],
          [
            35.1818151,
            31.7642596
          ],
          [
            35.1818031,
            31.7641669
          ],
          [
            35.181798,
            31.7641003
          ],
          [
            35.1817979,
            31.7640503
          ],
          [
            35.1818048,
            31.7639396
          ],
          [
            35.1818202,
            31.7638382
          ],
          [
            35.1818457,
            31.7637296
          ],
          [
            35.1818849,
            31.7636239
          ],
          [
            35.1819309,
            31.7635341
          ],
          [
            35.1819871,
            31.7634429
          ],
          [
            35.1820416,
            31.7633531
          ],
          [
            35.1821663,
            31.7631308
          ]
        ]
      }
    },
    {
      "type": "Feature",
      "properties": {
        "id": "w1260565409",
        "category": "bike_road",
        "category_label": "Bike road (dedicated)",
        "name": "cycleway",
        "osm_way_id": "1260565409",
        "partial": false
      },
      "geometry": {
        "type": "LineString",
        "coordinates": [
          [
            35.1805235,
            31.7668795
          ],
          [
            35.1808084,
            31.7667392
          ],
          [
            35.1808713,
            31.7667153
          ],
          [
            35.1809319,
            31.7667024
          ],
          [
            35.1810337,
            31.7666969
          ],
          [
            35.181121,
            31.7666957
          ],
          [
            35.1812546,
            31.7667208
          ],
          [
            35.1813802,
            31.7667466
          ],
          [
            35.1814506,
            31.7667665
          ],
          [
            35.1815989,
            31.7668258
          ],
          [
            35.1824237,
            31.7673199
          ],
          [
            35.1828994,
            31.7675824
          ]
        ]
      }
    },
    {
      "type": "Feature",
      "properties": {
        "id": "w1196029541",
        "category": "bike_road",
        "category_label": "Bike road (dedicated)",
        "name": "footway",
        "osm_way_id": "1196029541",
        "partial": false
      },
      "geometry": {
        "type": "LineString",
        "coordinates": [
          [
            35.180314,
            31.7670144
          ],
          [
            35.1804238,
            31.7669492
          ],
          [
            35.1805235,
            31.7668795
          ]
        ]
      }
    },
    {
      "type": "Feature",
      "properties": {
        "id": "w1260565408",
        "category": "bike_road",
        "category_label": "Bike road (dedicated)",
        "name": "cycleway",
        "osm_way_id": "1260565408",
        "partial": false
      },
      "geometry": {
        "type": "LineString",
        "coordinates": [
          [
            35.1792438,
            31.76765
          ],
          [
            35.1799357,
            31.7672585
          ],
          [
            35.180314,
            31.7670144
          ]
        ]
      }
    },
    {
      "type": "Feature",
      "properties": {
        "id": "w229601595",
        "category": "bike_road",
        "category_label": "Bike road (dedicated)",
        "name": "תורה ועבודה",
        "osm_way_id": "229601595",
        "partial": false
      },
      "geometry": {
        "type": "LineString",
        "coordinates": [
          [
            35.1797279,
            31.7672719
          ],
          [
            35.179362,
            31.7675351
          ],
          [
            35.1792633,
            31.7676012
          ],
          [
            35.1792292,
            31.7676221
          ],
          [
            35.1791963,
            31.7676423
          ],
          [
            35.1791319,
            31.7676719
          ],
          [
            35.1790568,
            31.7676993
          ],
          [
            35.1789576,
            31.7677266
          ],
          [
            35.1788657,
            31.7677476
          ],
          [
            35.1787564,
            31.7677677
          ],
          [
            35.1786706,
            31.7677791
          ],
          [
            35.1785257,
            31.7677882
          ],
          [
            35.1784238,
            31.7677905
          ],
          [
            35.1783899,
            31.7677962
          ],
          [
            35.1783701,
            31.7677996
          ],
          [
            35.1783006,
            31.7678176
          ]
        ]
      }
    },
    {
      "type": "Feature",
      "properties": {
        "id": "w925954578",
        "category": "bike_road",
        "category_label": "Bike road (dedicated)",
        "name": "tertiary",
        "osm_way_id": "925954578",
        "partial": false
      },
      "geometry": {
        "type": "LineString",
        "coordinates": [
          [
            35.1783006,
            31.7678176
          ],
          [
            35.1782736,
            31.7678384
          ],
          [
            35.1782422,
            31.7678562
          ]
        ]
      }
    },
    {
      "type": "Feature",
      "properties": {
        "id": "w229601608",
        "category": "bike_road",
        "category_label": "Bike road (dedicated)",
        "name": "זנגוויל",
        "osm_way_id": "229601608",
        "partial": false
      },
      "geometry": {
        "type": "LineString",
        "coordinates": [
          [
            35.1782422,
            31.7678562
          ],
          [
            35.1781992,
            31.7679204
          ],
          [
            35.1781806,
            31.7679565
          ],
          [
            35.1781684,
            31.7679855
          ],
          [
            35.1781555,
            31.7680292
          ],
          [
            35.1781514,
            31.768082
          ],
          [
            35.178166,
            31.7683583
          ]
        ]
      }
    },
    {
      "type": "Feature",
      "properties": {
        "id": "w1252550642",
        "category": "bike_road",
        "category_label": "Bike road (dedicated)",
        "name": "שביל אופניים קריית יובל",
        "osm_way_id": "1252550642",
        "partial": false
      },
      "geometry": {
        "type": "LineString",
        "coordinates": [
          [
            35.1781032,
            31.7684561
          ],
          [
            35.1781712,
            31.7684447
          ],
          [
            35.1782116,
            31.7684386
          ],
          [
            35.1782286,
            31.7684276
          ]
        ]
      }
    },
    {
      "type": "Feature",
      "properties": {
        "id": "w1188767976",
        "category": "bike_road",
        "category_label": "Bike road (dedicated)",
        "name": "שביל אופניים קריית יובל",
        "osm_way_id": "1188767976",
        "partial": false
      },
      "geometry": {
        "type": "LineString",
        "coordinates": [
          [
            35.1779857,
            31.7685492
          ],
          [
            35.1780185,
            31.7685296
          ],
          [
            35.1780386,
            31.7685134
          ],
          [
            35.1780519,
            31.7684923
          ],
          [
            35.178055,
            31.7684649
          ],
          [
            35.1781032,
            31.7684561
          ]
        ]
      }
    },
    {
      "type": "Feature",
      "properties": {
        "id": "w864919262",
        "category": "bike_road",
        "category_label": "Bike road (dedicated)",
        "name": "שביל אופניים קריית יובל",
        "osm_way_id": "864919262",
        "partial": false
      },
      "geometry": {
        "type": "LineString",
        "coordinates": [
          [
            35.1723145,
            31.7620198
          ],
          [
            35.1723265,
            31.762053
          ],
          [
            35.1723714,
            31.7620765
          ],
          [
            35.1724564,
            31.7621211
          ],
          [
            35.1725406,
            31.7621651
          ],
          [
            35.1725341,
            31.762179
          ],
          [
            35.1725351,
            31.7621989
          ],
          [
            35.1725407,
            31.7622191
          ],
          [
            35.1725546,
            31.7622407
          ],
          [
            35.1725828,
            31.7622707
          ],
          [
            35.1726692,
            31.7623495
          ],
          [
            35.172765,
            31.7624805
          ],
          [
            35.1728418,
            31.7626144
          ],
          [
            35.1728811,
            31.7627039
          ],
          [
            35.1729212,
            31.762824
          ],
          [
            35.1729614,
            31.7629788
          ],
          [
            35.1732537,
            31.7641654
          ],
          [
            35.1732969,
            31.764317
          ],
          [
            35.1733392,
            31.7644389
          ],
          [
            35.173396,
            31.7645776
          ],
          [
            35.1734577,
            31.7646868
          ],
          [
            35.1735118,
            31.7647568
          ],
          [
            35.1735988,
            31.7648913
          ],
          [
            35.1737707,
            31.7651178
          ],
          [
            35.1738671,
            31.7652295
          ],
          [
            35.1744318,
            31.7657518
          ],
          [
            35.1744938,
            31.7658329
          ],
          [
            35.1745683,
            31.7659686
          ],
          [
            35.1745903,
            31.7660212
          ],
          [
            35.1746304,
            31.7661529
          ],
          [
            35.1746451,
            31.7662523
          ],
          [
            35.17465,
            31.766342
          ],
          [
            35.1746495,
            31.7664157
          ],
          [
            35.1746462,
            31.7664753
          ],
          [
            35.1746208,
            31.7667065
          ],
          [
            35.1745527,
            31.7671382
          ],
          [
            35.1745279,
            31.7673204
          ],
          [
            35.1745064,
            31.7674187
          ],
          [
            35.1744522,
            31.7678386
          ],
          [
            35.1744528,
            31.7678884
          ],
          [
            35.1744665,
            31.7679554
          ],
          [
            35.1744871,
            31.7680344
          ],
          [
            35.1745229,
            31.7681158
          ],
          [
            35.174587,
            31.7682254
          ],
          [
            35.1746594,
            31.7683066
          ],
          [
            35.1747559,
            31.7683939
          ],
          [
            35.1748727,
            31.7684767
          ],
          [
            35.1749549,
            31.7685186
          ],
          [
            35.1750441,
            31.7685605
          ],
          [
            35.1756478,
            31.7687399
          ],
          [
            35.1761024,
            31.7688806
          ],
          [
            35.1761786,
            31.7688964
          ],
          [
            35.1762866,
            31.7689138
          ],
          [
            35.1763946,
            31.768918
          ],
          [
            35.1765376,
            31.7689098
          ],
          [
            35.1766826,
            31.7688843
          ],
          [
            35.1768372,
            31.7688488
          ],
          [
            35.1774563,
            31.7686948
          ],
          [
            35.1777834,
            31.7686048
          ],
          [
            35.1779857,
            31.7685492
          ]
        ]
      }
    },
    {
      "type": "Feature",
      "properties": {
        "id": "w1113457671",
        "category": "bike_road",
        "category_label": "Bike road (dedicated)",
        "name": "path",
        "osm_way_id": "1113457671",
        "partial": false
      },
      "geometry": {
        "type": "LineString",
        "coordinates": [
          [
            35.1666678,
            31.7597678
          ],
          [
            35.1668386,
            31.7596557
          ],
          [
            35.1670211,
            31.7596003
          ],
          [
            35.1672374,
            31.7595748
          ],
          [
            35.1675344,
            31.7595871
          ],
          [
            35.1678314,
            31.7596439
          ],
          [
            35.1682195,
            31.7597346
          ],
          [
            35.1685077,
            31.7598
          ],
          [
            35.1686117,
            31.7598135
          ],
          [
            35.1686239,
            31.7597865
          ],
          [
            35.1686852,
            31.7598009
          ],
          [
            35.1687783,
            31.7598236
          ],
          [
            35.1688509,
            31.7598424
          ],
          [
            35.1688748,
            31.7598651
          ],
          [
            35.1689141,
            31.7598804
          ],
          [
            35.1689556,
            31.75989
          ],
          [
            35.1690299,
            31.7599072
          ],
          [
            35.169133,
            31.759931
          ],
          [
            35.1693606,
            31.7600116
          ],
          [
            35.1694966,
            31.7600706
          ],
          [
            35.1696371,
            31.7601434
          ],
          [
            35.1697718,
            31.7602339
          ],
          [
            35.1698558,
            31.7602985
          ],
          [
            35.1699389,
            31.7603707
          ],
          [
            35.1700948,
            31.7605422
          ],
          [
            35.1701972,
            31.7607013
          ],
          [
            35.1704766,
            31.7612351
          ],
          [
            35.1705893,
            31.761413
          ],
          [
            35.170693,
            31.7615164
          ],
          [
            35.17087,
            31.7616137
          ],
          [
            35.1711346,
            31.7616987
          ],
          [
            35.1719985,
            31.7619251
          ],
          [
            35.1720542,
            31.7619397
          ],
          [
            35.1721038,
            31.7619527
          ],
          [
            35.1722258,
            31.7619639
          ],
          [
            35.1722919,
            31.7619568
          ],
          [
            35.1723145,
            31.7620198
          ]
        ]
      }
    },
    {
      "type": "Feature",
      "properties": {
        "id": "w839014752",
        "category": "bike_road",
        "category_label": "Bike road (dedicated)",
        "name": "path",
        "osm_way_id": "839014752",
        "partial": false
      },
      "geometry": {
        "type": "LineString",
        "coordinates": [
          [
            35.1610857,
            31.7573442
          ],
          [
            35.1614223,
            31.7580314
          ],
          [
            35.1616134,
            31.7583907
          ],
          [
            35.1616843,
            31.7585095
          ],
          [
            35.161777,
            31.7586304
          ],
          [
            35.1618809,
            31.7587411
          ],
          [
            35.1620169,
            31.7588419
          ],
          [
            35.1621407,
            31.7589187
          ],
          [
            35.1621674,
            31.7589317
          ],
          [
            35.162268,
            31.7589808
          ],
          [
            35.162459,
            31.7590562
          ],
          [
            35.1626341,
            31.7591037
          ],
          [
            35.162697,
            31.759118
          ],
          [
            35.1628093,
            31.7591436
          ],
          [
            35.1630879,
            31.7591939
          ],
          [
            35.1632752,
            31.7592546
          ],
          [
            35.1634724,
            31.7593441
          ],
          [
            35.1636248,
            31.7594417
          ],
          [
            35.1637673,
            31.759553
          ],
          [
            35.163894,
            31.7596718
          ],
          [
            35.1639024,
            31.7596808
          ],
          [
            35.164163,
            31.7599597
          ],
          [
            35.1644648,
            31.7602729
          ],
          [
            35.1644735,
            31.7602819
          ],
          [
            35.1644932,
            31.7603023
          ],
          [
            35.1646019,
            31.7604045
          ],
          [
            35.1647251,
            31.76049
          ],
          [
            35.1648113,
            31.7605352
          ],
          [
            35.1648966,
            31.7605711
          ],
          [
            35.1650137,
            31.7606057
          ],
          [
            35.1651457,
            31.7606261
          ],
          [
            35.1652529,
            31.7606389
          ],
          [
            35.1653214,
            31.7606413
          ],
          [
            35.1653926,
            31.7606361
          ],
          [
            35.1654968,
            31.7606169
          ],
          [
            35.1656363,
            31.760574
          ],
          [
            35.1657282,
            31.7605362
          ],
          [
            35.1658189,
            31.7604693
          ],
          [
            35.1666111,
            31.7598146
          ]
        ]
      }
    },
    {
      "type": "Feature",
      "properties": {
        "id": "w1081095345",
        "category": "bike_road",
        "category_label": "Bike road (dedicated)",
        "name": "path",
        "osm_way_id": "1081095345",
        "partial": false
      },
      "geometry": {
        "type": "LineString",
        "coordinates": [
          [
            35.1609906,
            31.7569681
          ],
          [
            35.1609378,
            31.7570346
          ],
          [
            35.1610308,
            31.7572323
          ],
          [
            35.1610857,
            31.7573442
          ]
        ]
      }
    },
    {
      "type": "Feature",
      "properties": {
        "id": "w1081095340",
        "category": "bike_road",
        "category_label": "Bike road (dedicated)",
        "name": "footway",
        "osm_way_id": "1081095340",
        "partial": false
      },
      "geometry": {
        "type": "LineString",
        "coordinates": [
          [
            35.1618769,
            31.7565459
          ],
          [
            35.1618243,
            31.7565312
          ],
          [
            35.1617293,
            31.7565232
          ],
          [
            35.1616079,
            31.7565378
          ],
          [
            35.1614616,
            31.7565815
          ],
          [
            35.1613371,
            31.7566569
          ],
          [
            35.1613013,
            31.7567098
          ],
          [
            35.1612499,
            31.756739
          ],
          [
            35.1611036,
            31.7568369
          ],
          [
            35.1609906,
            31.7569681
          ]
        ]
      }
    },
    {
      "type": "Feature",
      "properties": {
        "id": "w1081095341",
        "category": "bike_road",
        "category_label": "Bike road (dedicated)",
        "name": "footway",
        "osm_way_id": "1081095341",
        "partial": false
      },
      "geometry": {
        "type": "LineString",
        "coordinates": [
          [
            35.1618769,
            31.7565459
          ],
          [
            35.1619278,
            31.7565715
          ],
          [
            35.1619686,
            31.7566013
          ],
          [
            35.1620129,
            31.7566282
          ],
          [
            35.1620721,
            31.7566573
          ],
          [
            35.1621124,
            31.7566389
          ]
        ]
      }
    },
    {
      "type": "Feature",
      "properties": {
        "id": "w909355036",
        "category": "bike_road",
        "category_label": "Bike road (dedicated)",
        "name": "footway",
        "osm_way_id": "909355036",
        "partial": false
      },
      "geometry": {
        "type": "LineString",
        "coordinates": [
          [
            35.1621124,
            31.7566389
          ],
          [
            35.1621395,
            31.7566331
          ],
          [
            35.1621693,
            31.7566318
          ],
          [
            35.1621927,
            31.7566328
          ]
        ]
      }
    },
    {
      "type": "Feature",
      "properties": {
        "id": "w1081095344",
        "category": "bike_road",
        "category_label": "Bike road (dedicated)",
        "name": "cycleway",
        "osm_way_id": "1081095344",
        "partial": false
      },
      "geometry": {
        "type": "LineString",
        "coordinates": [
          [
            35.1621927,
            31.7566328
          ],
          [
            35.1622499,
            31.7566418
          ],
          [
            35.1622617,
            31.7566252
          ],
          [
            35.1622829,
            31.7566075
          ],
          [
            35.1623072,
            31.7565959
          ],
          [
            35.1623408,
            31.7565869
          ]
        ]
      }
    },
    {
      "type": "Feature",
      "properties": {
        "id": "w668482979",
        "category": "bike_road",
        "category_label": "Bike road (dedicated)",
        "name": "path",
        "osm_way_id": "668482979",
        "partial": false
      },
      "geometry": {
        "type": "LineString",
        "coordinates": [
          [
            35.1623408,
            31.7565869
          ],
          [
            35.1628647,
            31.7566469
          ],
          [
            35.1631932,
            31.7567167
          ],
          [
            35.163254,
            31.7567194
          ],
          [
            35.1632911,
            31.7567167
          ],
          [
            35.1633446,
            31.7567128
          ],
          [
            35.1635118,
            31.756655
          ],
          [
            35.1636805,
            31.7565686
          ],
          [
            35.1639214,
            31.7564083
          ],
          [
            35.1640651,
            31.7561946
          ],
          [
            35.1642016,
            31.7559198
          ],
          [
            35.1642635,
            31.7557952
          ],
          [
            35.1642992,
            31.7553847
          ],
          [
            35.1643085,
            31.7551007
          ],
          [
            35.1643169,
            31.7548447
          ],
          [
            35.164296,
            31.7544193
          ],
          [
            35.1643008,
            31.7539202
          ],
          [
            35.1643409,
            31.7536993
          ],
          [
            35.1646103,
            31.7530393
          ],
          [
            35.1649359,
            31.7526125
          ],
          [
            35.1652534,
            31.7523453
          ],
          [
            35.1654474,
            31.7522716
          ],
          [
            35.1656398,
            31.7522251
          ],
          [
            35.1658098,
            31.7522019
          ],
          [
            35.1660632,
            31.7522032
          ],
          [
            35.1662509,
            31.752251
          ],
          [
            35.1663527,
            31.7523153
          ],
          [
            35.1664228,
            31.7523641
          ],
          [
            35.1665515,
            31.7524455
          ],
          [
            35.1665735,
            31.752491
          ],
          [
            35.1665803,
            31.7525315
          ],
          [
            35.1665859,
            31.7525433
          ],
          [
            35.1665923,
            31.7525518
          ],
          [
            35.1666056,
            31.7525596
          ],
          [
            35.1666191,
            31.7525628
          ],
          [
            35.1666349,
            31.7525634
          ],
          [
            35.1666502,
            31.7525585
          ],
          [
            35.1666592,
            31.7525536
          ],
          [
            35.1666774,
            31.7525412
          ],
          [
            35.1666893,
            31.7525275
          ],
          [
            35.1667094,
            31.7525007
          ],
          [
            35.1667456,
            31.7524323
          ],
          [
            35.1667484,
            31.7524114
          ],
          [
            35.166743,
            31.7523866
          ],
          [
            35.1667301,
            31.7523705
          ],
          [
            35.1667199,
            31.7523647
          ],
          [
            35.1667349,
            31.7523371
          ],
          [
            35.1667941,
            31.7522288
          ],
          [
            35.1668537,
            31.7521317
          ]
        ]
      }
    },
    {
      "type": "Feature",
      "properties": {
        "id": "p10_1499122724",
        "category": "bike_road",
        "category_label": "Bike road (dedicated)",
        "name": "path",
        "osm_way_id": "1499122724",
        "partial": true
      },
      "geometry": {
        "type": "LineString",
        "coordinates": [
          [
            35.17827665466081,
            31.75059947462305
          ],
          [
            35.1782394,
            31.7506015
          ],
          [
            35.1781622,
            31.7505949
          ],
          [
            35.1781367,
            31.7505905
          ],
          [
            35.1780358,
            31.7505732
          ],
          [
            35.1779287,
            31.750554
          ],
          [
            35.1778405,
            31.7505408
          ],
          [
            35.1777707,
            31.7505326
          ],
          [
            35.1777398,
            31.7505292
          ],
          [
            35.1776563,
            31.7505233
          ],
          [
            35.1775569,
            31.7505165
          ],
          [
            35.1774869,
            31.7505166
          ],
          [
            35.1772852,
            31.7505311
          ],
          [
            35.1771001,
            31.7505489
          ],
          [
            35.1768684,
            31.7505706
          ],
          [
            35.1766323,
            31.7506104
          ],
          [
            35.1762786,
            31.7506309
          ],
          [
            35.1757395,
            31.750684
          ],
          [
            35.1753821,
            31.750686
          ],
          [
            35.1751509,
            31.7506841
          ],
          [
            35.1749535,
            31.7506707
          ],
          [
            35.1746964,
            31.7506573
          ],
          [
            35.1743528,
            31.7506334
          ],
          [
            35.1742338,
            31.7506159
          ],
          [
            35.1741751,
            31.7506025
          ],
          [
            35.1741524,
            31.7505968
          ],
          [
            35.1741065,
            31.7505883
          ],
          [
            35.1740776,
            31.7505819
          ],
          [
            35.1740272,
            31.7505802
          ],
          [
            35.1739751,
            31.7505618
          ],
          [
            35.1739307,
            31.7505367
          ],
          [
            35.1738755,
            31.7505282
          ],
          [
            35.1737547,
            31.7505432
          ],
          [
            35.1736973,
            31.7505405
          ],
          [
            35.1735585,
            31.750531
          ],
          [
            35.1734807,
            31.7505319
          ],
          [
            35.1731708,
            31.7505565
          ],
          [
            35.1729701,
            31.7505779
          ],
          [
            35.1727693,
            31.7506041
          ],
          [
            35.1726061,
            31.75063
          ],
          [
            35.1724461,
            31.7506646
          ],
          [
            35.1722644,
            31.750709
          ],
          [
            35.1720871,
            31.7507607
          ],
          [
            35.1719205,
            31.7508177
          ],
          [
            35.1718196,
            31.750859
          ],
          [
            35.1715693,
            31.7509685
          ],
          [
            35.1712201,
            31.7511401
          ],
          [
            35.1708599,
            31.7513135
          ],
          [
            35.1704009,
            31.7515275
          ],
          [
            35.1698966,
            31.7517626
          ],
          [
            35.1693793,
            31.7519968
          ],
          [
            35.1690169,
            31.7521653
          ],
          [
            35.1689177,
            31.7522218
          ],
          [
            35.1687586,
            31.7522641
          ],
          [
            35.1686024,
            31.7522973
          ],
          [
            35.1683629,
            31.7523349
          ],
          [
            35.1681119,
            31.7523521
          ],
          [
            35.1679449,
            31.7523549
          ],
          [
            35.1677705,
            31.7523397
          ],
          [
            35.167488,
            31.7522849
          ],
          [
            35.167394,
            31.7522584
          ],
          [
            35.1673153,
            31.7522286
          ],
          [
            35.1672609,
            31.7522133
          ],
          [
            35.167213928205626,
            31.752216013510033
          ]
        ]
      }
    },
    {
      "type": "Feature",
      "properties": {
        "id": "w299792563",
        "category": "bike_road",
        "category_label": "Bike road (dedicated)",
        "name": "cycleway",
        "osm_way_id": "299792563",
        "partial": false
      },
      "geometry": {
        "type": "LineString",
        "coordinates": [
          [
            35.1776892,
            31.7451069
          ],
          [
            35.1778875,
            31.7450211
          ],
          [
            35.177995,
            31.744989
          ],
          [
            35.17838,
            31.744948
          ],
          [
            35.178594,
            31.744911
          ],
          [
            35.178814,
            31.744907
          ],
          [
            35.17928,
            31.744958
          ],
          [
            35.179835,
            31.74504
          ],
          [
            35.180372,
            31.745177
          ],
          [
            35.180707,
            31.745301
          ],
          [
            35.180899,
            31.745408
          ],
          [
            35.181006,
            31.745506
          ],
          [
            35.1813,
            31.745874
          ],
          [
            35.181458,
            31.746155
          ],
          [
            35.181803,
            31.746907
          ],
          [
            35.182028,
            31.747242
          ],
          [
            35.182321,
            31.747581
          ],
          [
            35.182519,
            31.747754
          ],
          [
            35.182918,
            31.74806
          ],
          [
            35.183042,
            31.748127
          ],
          [
            35.183421,
            31.748255
          ],
          [
            35.183744,
            31.748386
          ],
          [
            35.183871,
            31.748429
          ],
          [
            35.184125,
            31.748484
          ],
          [
            35.184796,
            31.748542
          ],
          [
            35.1853632,
            31.748518
          ],
          [
            35.1854045,
            31.7485149
          ],
          [
            35.1854478,
            31.7485073
          ],
          [
            35.1854791,
            31.7484954
          ]
        ]
      }
    },
    {
      "type": "Feature",
      "properties": {
        "id": "w965406992",
        "category": "bike_lane",
        "category_label": "Bike lane on normal road",
        "name": "3755",
        "osm_way_id": "965406992",
        "partial": false
      },
      "geometry": {
        "type": "LineString",
        "coordinates": [
          [
            35.1832396,
            31.747159
          ],
          [
            35.1831176,
            31.7470895
          ],
          [
            35.1829905,
            31.7469984
          ],
          [
            35.1828832,
            31.7468987
          ],
          [
            35.1827958,
            31.7468049
          ],
          [
            35.1826938,
            31.7466849
          ],
          [
            35.1826113,
            31.7465849
          ],
          [
            35.1825365,
            31.74647
          ],
          [
            35.1822838,
            31.7459966
          ],
          [
            35.1821765,
            31.7458324
          ],
          [
            35.1820453,
            31.7456438
          ],
          [
            35.1819512,
            31.7455313
          ],
          [
            35.1818546,
            31.7454264
          ],
          [
            35.1817395,
            31.7453153
          ],
          [
            35.1813986,
            31.7450295
          ],
          [
            35.1811763,
            31.7448865
          ],
          [
            35.1810714,
            31.7448379
          ],
          [
            35.1809182,
            31.7447704
          ],
          [
            35.1807687,
            31.7447275
          ],
          [
            35.1801107,
            31.7445099
          ],
          [
            35.1799274,
            31.7444512
          ],
          [
            35.1791978,
            31.7442204
          ],
          [
            35.1788342,
            31.7440975
          ],
          [
            35.1783095,
            31.7439751
          ],
          [
            35.1777638,
            31.7438351
          ],
          [
            35.1769856,
            31.7436439
          ],
          [
            35.1769357,
            31.7436278
          ]
        ]
      }
    },
    {
      "type": "Feature",
      "properties": {
        "id": "w863567561",
        "category": "bike_road",
        "category_label": "Bike road (dedicated)",
        "name": "cycleway",
        "osm_way_id": "863567561",
        "partial": false
      },
      "geometry": {
        "type": "LineString",
        "coordinates": [
          [
            35.1854791,
            31.7484954
          ],
          [
            35.1855669,
            31.7484962
          ],
          [
            35.1856897,
            31.7484973
          ],
          [
            35.1857532,
            31.7484978
          ],
          [
            35.1857837,
            31.7485149
          ],
          [
            35.18582,
            31.7485258
          ],
          [
            35.1858619,
            31.7485284
          ],
          [
            35.1865528,
            31.7485105
          ],
          [
            35.1865877,
            31.7485257
          ],
          [
            35.1866311,
            31.7485441
          ],
          [
            35.1867183,
            31.7485457
          ],
          [
            35.1867493,
            31.7485362
          ],
          [
            35.1868514,
            31.748505
          ],
          [
            35.1876134,
            31.7485081
          ],
          [
            35.1877531,
            31.748537
          ],
          [
            35.1878854,
            31.7485424
          ],
          [
            35.1880536,
            31.7485284
          ],
          [
            35.1882412,
            31.74851
          ],
          [
            35.1886125,
            31.7485333
          ],
          [
            35.1887689,
            31.748554
          ],
          [
            35.1888721,
            31.7485599
          ],
          [
            35.1889179,
            31.7485607
          ],
          [
            35.188934,
            31.7486363
          ],
          [
            35.1889434,
            31.7486799
          ],
          [
            35.1891134,
            31.748734
          ],
          [
            35.1890846,
            31.7488074
          ],
          [
            35.1890498,
            31.7488958
          ],
          [
            35.1890415,
            31.7489492
          ],
          [
            35.1890286,
            31.7490562
          ]
        ]
      }
    },
    {
      "type": "Feature",
      "properties": {
        "id": "w1203811185",
        "category": "bike_road",
        "category_label": "Bike road (dedicated)",
        "name": "path",
        "osm_way_id": "1203811185",
        "partial": false
      },
      "geometry": {
        "type": "LineString",
        "coordinates": [
          [
            35.1890286,
            31.7490562
          ],
          [
            35.1891496,
            31.7490893
          ],
          [
            35.1892124,
            31.7491072
          ],
          [
            35.1896745,
            31.7492044
          ],
          [
            35.189754,
            31.749227
          ],
          [
            35.1898932,
            31.7492675
          ],
          [
            35.1899137,
            31.7492579
          ],
          [
            35.1900445,
            31.7492387
          ],
          [
            35.1900645,
            31.7492361
          ],
          [
            35.1904817,
            31.7491827
          ]
        ]
      }
    },
    {
      "type": "Feature",
      "properties": {
        "id": "w461243670",
        "category": "bike_road",
        "category_label": "Bike road (dedicated)",
        "name": "path",
        "osm_way_id": "461243670",
        "partial": false
      },
      "geometry": {
        "type": "LineString",
        "coordinates": [
          [
            35.1904817,
            31.7491827
          ],
          [
            35.1913942,
            31.7491024
          ],
          [
            35.1916984,
            31.7490851
          ],
          [
            35.1919165,
            31.7490886
          ],
          [
            35.1921458,
            31.7491152
          ],
          [
            35.1923681,
            31.749167
          ],
          [
            35.1927,
            31.7492962
          ],
          [
            35.1928725,
            31.74938
          ],
          [
            35.1929044,
            31.7494021
          ],
          [
            35.1929322,
            31.7494369
          ],
          [
            35.1929427,
            31.7494543
          ],
          [
            35.1929907,
            31.7494507
          ],
          [
            35.1930413,
            31.7494473
          ]
        ]
      }
    },
    {
      "type": "Feature",
      "properties": {
        "id": "p11_818792089",
        "category": "bike_road",
        "category_label": "Bike road (dedicated)",
        "name": "path",
        "osm_way_id": "818792089",
        "partial": true
      },
      "geometry": {
        "type": "LineString",
        "coordinates": [
          [
            35.19304737305773,
            31.74945074393435
          ],
          [
            35.1930972,
            31.749479
          ],
          [
            35.1931664,
            31.7495225
          ],
          [
            35.1932242,
            31.7495633
          ],
          [
            35.19322468151065,
            31.74956662921777
          ]
        ]
      }
    },
    {
      "type": "Feature",
      "properties": {
        "id": "w443969489",
        "category": "bike_road",
        "category_label": "Bike road (dedicated)",
        "name": "path",
        "osm_way_id": "443969489",
        "partial": false
      },
      "geometry": {
        "type": "LineString",
        "coordinates": [
          [
            35.1940074,
            31.7625226
          ],
          [
            35.1940986,
            31.7623242
          ],
          [
            35.1942006,
            31.7621417
          ],
          [
            35.1942649,
            31.7619046
          ],
          [
            35.1941362,
            31.7615898
          ],
          [
            35.1941576,
            31.7613116
          ],
          [
            35.1941737,
            31.761006
          ],
          [
            35.194163,
            31.7606092
          ],
          [
            35.1941523,
            31.7602671
          ],
          [
            35.1939541,
            31.7592414
          ],
          [
            35.1936946,
            31.7586439
          ],
          [
            35.1935539,
            31.7581783
          ],
          [
            35.193474,
            31.7576825
          ],
          [
            35.1933377,
            31.7572887
          ],
          [
            35.1932865,
            31.757073
          ],
          [
            35.1931886,
            31.7569831
          ],
          [
            35.193162,
            31.7569292
          ],
          [
            35.1931612,
            31.7568847
          ],
          [
            35.1931912,
            31.7568237
          ],
          [
            35.193253,
            31.7567976
          ]
        ]
      }
    },
    {
      "type": "Feature",
      "properties": {
        "id": "w1442207498",
        "category": "bike_road",
        "category_label": "Bike road (dedicated)",
        "name": "cycleway",
        "osm_way_id": "1442207498",
        "partial": false
      },
      "geometry": {
        "type": "LineString",
        "coordinates": [
          [
            35.1934616,
            31.7647049
          ],
          [
            35.1934522,
            31.7646434
          ],
          [
            35.1935542,
            31.7640961
          ],
          [
            35.1936494,
            31.7637298
          ],
          [
            35.1937497,
            31.7635521
          ],
          [
            35.1938351,
            31.7634576
          ],
          [
            35.1938353,
            31.7633961
          ],
          [
            35.1938218,
            31.7633314
          ],
          [
            35.1937755,
            31.7632602
          ],
          [
            35.1937387,
            31.7631537
          ],
          [
            35.1937419,
            31.7629946
          ],
          [
            35.1938063,
            31.7628145
          ],
          [
            35.1938733,
            31.7626685
          ],
          [
            35.1939458,
            31.7625545
          ],
          [
            35.1940074,
            31.7625226
          ]
        ]
      }
    },
    {
      "type": "Feature",
      "properties": {
        "id": "w1090976015",
        "category": "bike_road",
        "category_label": "Bike road (dedicated)",
        "name": "path",
        "osm_way_id": "1090976015",
        "partial": false
      },
      "geometry": {
        "type": "LineString",
        "coordinates": [
          [
            35.1934616,
            31.7647049
          ],
          [
            35.193337,
            31.764718
          ],
          [
            35.1933015,
            31.7647401
          ],
          [
            35.1932842,
            31.7647508
          ],
          [
            35.1931407,
            31.7650784
          ],
          [
            35.1930892,
            31.7651026
          ],
          [
            35.1929598,
            31.7651154
          ],
          [
            35.1929364,
            31.7651224
          ],
          [
            35.1929246,
            31.7651259
          ],
          [
            35.1928963,
            31.7651492
          ],
          [
            35.1928777,
            31.7651732
          ],
          [
            35.1928742,
            31.7651973
          ],
          [
            35.1929848,
            31.7656246
          ],
          [
            35.1929321,
            31.7656655
          ],
          [
            35.1928565,
            31.7657155
          ]
        ]
      }
    },
    {
      "type": "Feature",
      "properties": {
        "id": "w4741776",
        "category": "bike_friendly",
        "category_label": "Bike-friendly road",
        "name": "service",
        "osm_way_id": "4741776",
        "partial": false
      },
      "geometry": {
        "type": "LineString",
        "coordinates": [
          [
            35.2184196,
            31.7545866
          ],
          [
            35.2181641,
            31.7540813
          ],
          [
            35.2180471,
            31.7538499
          ],
          [
            35.2180638,
            31.7537922
          ],
          [
            35.2191629,
            31.7533618
          ]
        ]
      }
    },
    {
      "type": "Feature",
      "properties": {
        "id": "w79506445",
        "category": "bike_friendly",
        "category_label": "Bike-friendly road",
        "name": "יששכר",
        "osm_way_id": "79506445",
        "partial": false
      },
      "geometry": {
        "type": "LineString",
        "coordinates": [
          [
            35.2192012,
            31.7578196
          ],
          [
            35.2191793,
            31.7577727
          ],
          [
            35.2189686,
            31.7573226
          ]
        ]
      }
    },
    {
      "type": "Feature",
      "properties": {
        "id": "w361198521",
        "category": "bike_friendly",
        "category_label": "Bike-friendly road",
        "name": "יששכר",
        "osm_way_id": "361198521",
        "partial": false
      },
      "geometry": {
        "type": "LineString",
        "coordinates": [
          [
            35.2192012,
            31.7578196
          ],
          [
            35.2193833,
            31.758248
          ],
          [
            35.2194545,
            31.7584154
          ],
          [
            35.2196695,
            31.7589211
          ]
        ]
      }
    },
    {
      "type": "Feature",
      "properties": {
        "id": "w156099795",
        "category": "bike_friendly",
        "category_label": "Bike-friendly road",
        "name": "ראובן",
        "osm_way_id": "156099795",
        "partial": false
      },
      "geometry": {
        "type": "LineString",
        "coordinates": [
          [
            35.2176493,
            31.7595346
          ],
          [
            35.2185643,
            31.7592602
          ],
          [
            35.2190108,
            31.7591234
          ],
          [
            35.2196695,
            31.7589211
          ]
        ]
      }
    },
    {
      "type": "Feature",
      "properties": {
        "id": "w4741803",
        "category": "bike_friendly",
        "category_label": "Bike-friendly road",
        "name": "גדעון",
        "osm_way_id": "4741803",
        "partial": false
      },
      "geometry": {
        "type": "LineString",
        "coordinates": [
          [
            35.221266,
            31.7597402
          ],
          [
            35.2201607,
            31.7600534
          ],
          [
            35.2196761,
            31.7602017
          ],
          [
            35.2195594,
            31.7602374
          ],
          [
            35.2191693,
            31.7603801
          ],
          [
            35.2182415,
            31.7607059
          ]
        ]
      }
    },
    {
      "type": "Feature",
      "properties": {
        "id": "w44279020",
        "category": "bike_friendly",
        "category_label": "Bike-friendly road",
        "name": "נפתלי",
        "osm_way_id": "44279020",
        "partial": false
      },
      "geometry": {
        "type": "LineString",
        "coordinates": [
          [
            35.2180931,
            31.7609332
          ],
          [
            35.2181065,
            31.7609127
          ],
          [
            35.2181178,
            31.7608954
          ],
          [
            35.2182415,
            31.7607059
          ],
          [
            35.2181716,
            31.7606442
          ],
          [
            35.2180618,
            31.7604379
          ],
          [
            35.2178931,
            31.7601257
          ]
        ]
      }
    },
    {
      "type": "Feature",
      "properties": {
        "id": "w44279021",
        "category": "bike_friendly",
        "category_label": "Bike-friendly road",
        "name": "נפתלי",
        "osm_way_id": "44279021",
        "partial": false
      },
      "geometry": {
        "type": "LineString",
        "coordinates": [
          [
            35.2178931,
            31.7601257
          ],
          [
            35.2177754,
            31.759848
          ],
          [
            35.2176822,
            31.7596281
          ],
          [
            35.2176493,
            31.7595346
          ]
        ]
      }
    },
    {
      "type": "Feature",
      "properties": {
        "id": "w44278661",
        "category": "bike_friendly",
        "category_label": "Bike-friendly road",
        "name": "מנשה",
        "osm_way_id": "44278661",
        "partial": false
      },
      "geometry": {
        "type": "LineString",
        "coordinates": [
          [
            35.2192792,
            31.7596685
          ],
          [
            35.2188846,
            31.7597987
          ],
          [
            35.2187897,
            31.7598299
          ],
          [
            35.2178931,
            31.7601257
          ]
        ]
      }
    },
    {
      "type": "Feature",
      "properties": {
        "id": "w186543298",
        "category": "bike_friendly",
        "category_label": "Bike-friendly road",
        "name": "footway",
        "osm_way_id": "186543298",
        "partial": false
      },
      "geometry": {
        "type": "LineString",
        "coordinates": [
          [
            35.2192943,
            31.7596992
          ],
          [
            35.2195082,
            31.7596597
          ],
          [
            35.2195125,
            31.7596809
          ],
          [
            35.2199174,
            31.7596171
          ],
          [
            35.2199818,
            31.7596353
          ],
          [
            35.2200435,
            31.7596608
          ],
          [
            35.2200805,
            31.7596154
          ],
          [
            35.220102,
            31.7595242
          ],
          [
            35.2201784,
            31.7594463
          ],
          [
            35.2202716,
            31.7594119
          ],
          [
            35.2203843,
            31.7594165
          ],
          [
            35.2204272,
            31.7594758
          ],
          [
            35.2204523,
            31.7595356
          ],
          [
            35.2204809,
            31.7596035
          ],
          [
            35.2205238,
            31.7596491
          ],
          [
            35.2205774,
            31.7596514
          ],
          [
            35.2206257,
            31.75964
          ],
          [
            35.2206418,
            31.7596012
          ],
          [
            35.2205935,
            31.7594986
          ],
          [
            35.2205801,
            31.7594621
          ],
          [
            35.2205935,
            31.759437
          ],
          [
            35.2206123,
            31.7594228
          ]
        ]
      }
    },
    {
      "type": "Feature",
      "properties": {
        "id": "w44279047",
        "category": "bike_friendly",
        "category_label": "Bike-friendly road",
        "name": "מנשה",
        "osm_way_id": "44279047",
        "partial": false
      },
      "geometry": {
        "type": "LineString",
        "coordinates": [
          [
            35.2192792,
            31.7596685
          ],
          [
            35.2199068,
            31.7594612
          ],
          [
            35.2202446,
            31.7593523
          ],
          [
            35.2207034,
            31.7592043
          ]
        ]
      }
    },
    {
      "type": "Feature",
      "properties": {
        "id": "w186541440",
        "category": "bike_friendly",
        "category_label": "Bike-friendly road",
        "name": "service",
        "osm_way_id": "186541440",
        "partial": false
      },
      "geometry": {
        "type": "LineString",
        "coordinates": [
          [
            35.2188846,
            31.7597987
          ],
          [
            35.2191693,
            31.7603801
          ]
        ]
      }
    },
    {
      "type": "Feature",
      "properties": {
        "id": "w1056493252",
        "category": "bike_friendly",
        "category_label": "Bike-friendly road",
        "name": "footway",
        "osm_way_id": "1056493252",
        "partial": false
      },
      "geometry": {
        "type": "LineString",
        "coordinates": [
          [
            35.2199068,
            31.7594612
          ],
          [
            35.2199818,
            31.7596353
          ],
          [
            35.2201607,
            31.7600534
          ]
        ]
      }
    },
    {
      "type": "Feature",
      "properties": {
        "id": "w1284359247",
        "category": "bike_friendly",
        "category_label": "Bike-friendly road",
        "name": "footway",
        "osm_way_id": "1284359247",
        "partial": false
      },
      "geometry": {
        "type": "LineString",
        "coordinates": [
          [
            35.2196761,
            31.7602017
          ],
          [
            35.2195082,
            31.7596597
          ]
        ]
      }
    },
    {
      "type": "Feature",
      "properties": {
        "id": "w186541437",
        "category": "bike_friendly",
        "category_label": "Bike-friendly road",
        "name": "footway",
        "osm_way_id": "186541437",
        "partial": false
      },
      "geometry": {
        "type": "LineString",
        "coordinates": [
          [
            35.221266,
            31.7597402
          ],
          [
            35.2220309,
            31.759526
          ]
        ]
      }
    },
    {
      "type": "Feature",
      "properties": {
        "id": "w4741802",
        "category": "bike_friendly",
        "category_label": "Bike-friendly road",
        "name": "יפתח",
        "osm_way_id": "4741802",
        "partial": false
      },
      "geometry": {
        "type": "LineString",
        "coordinates": [
          [
            35.2209843,
            31.7621435
          ],
          [
            35.221123,
            31.7620438
          ],
          [
            35.2213467,
            31.7618829
          ],
          [
            35.2214591,
            31.7618227
          ],
          [
            35.2215385,
            31.7617865
          ],
          [
            35.2216454,
            31.7617486
          ]
        ]
      }
    },
    {
      "type": "Feature",
      "properties": {
        "id": "w1411652371",
        "category": "bike_friendly",
        "category_label": "Bike-friendly road",
        "name": "יפתח",
        "osm_way_id": "1411652371",
        "partial": false
      },
      "geometry": {
        "type": "LineString",
        "coordinates": [
          [
            35.2216454,
            31.7617486
          ],
          [
            35.222374,
            31.761531
          ],
          [
            35.2225629,
            31.7614543
          ],
          [
            35.2227367,
            31.7613691
          ]
        ]
      }
    },
    {
      "type": "Feature",
      "properties": {
        "id": "w184068560",
        "category": "bike_friendly",
        "category_label": "Bike-friendly road",
        "name": "עתניאל",
        "osm_way_id": "184068560",
        "partial": false
      },
      "geometry": {
        "type": "LineString",
        "coordinates": [
          [
            35.2221306,
            31.7628195
          ],
          [
            35.2221651,
            31.7628097
          ],
          [
            35.2221907,
            31.7627959
          ],
          [
            35.2222072,
            31.762782
          ],
          [
            35.2222178,
            31.7627623
          ],
          [
            35.2222217,
            31.7627313
          ],
          [
            35.2222173,
            31.7627053
          ],
          [
            35.2222069,
            31.7626821
          ],
          [
            35.2216454,
            31.7617486
          ]
        ]
      }
    },
    {
      "type": "Feature",
      "properties": {
        "id": "w4741811",
        "category": "bike_friendly",
        "category_label": "Bike-friendly road",
        "name": "יעל",
        "osm_way_id": "4741811",
        "partial": false
      },
      "geometry": {
        "type": "LineString",
        "coordinates": [
          [
            35.2214591,
            31.7618227
          ],
          [
            35.2213235,
            31.7615679
          ],
          [
            35.2211742,
            31.7612831
          ],
          [
            35.2210011,
            31.7608675
          ],
          [
            35.2208743,
            31.7605631
          ]
        ]
      }
    },
    {
      "type": "Feature",
      "properties": {
        "id": "w1373256058",
        "category": "bike_road",
        "category_label": "Bike road (dedicated)",
        "name": "path",
        "osm_way_id": "1373256058",
        "partial": false
      },
      "geometry": {
        "type": "LineString",
        "coordinates": [
          [
            35.2132321,
            31.7629653
          ],
          [
            35.2132598,
            31.7629666
          ],
          [
            35.2132641,
            31.7629534
          ],
          [
            35.2132768,
            31.7629416
          ],
          [
            35.2132921,
            31.7629356
          ],
          [
            35.2133123,
            31.7629337
          ],
          [
            35.2133414,
            31.7629365
          ],
          [
            35.2133544,
            31.7628744
          ],
          [
            35.2133591,
            31.7628514
          ],
          [
            35.2133848,
            31.7628353
          ],
          [
            35.2134401,
            31.7628008
          ],
          [
            35.2134205,
            31.7627742
          ],
          [
            35.2134064,
            31.7627457
          ],
          [
            35.2134004,
            31.7627109
          ],
          [
            35.2134045,
            31.7626796
          ],
          [
            35.2134213,
            31.7626424
          ],
          [
            35.2134937,
            31.762542
          ],
          [
            35.2137709,
            31.7621795
          ],
          [
            35.2138491,
            31.7620597
          ],
          [
            35.213998,
            31.7618618
          ],
          [
            35.2142273,
            31.7615386
          ],
          [
            35.2142867,
            31.7614636
          ],
          [
            35.2144875,
            31.7612147
          ],
          [
            35.2145593,
            31.761069
          ]
        ]
      }
    },
    {
      "type": "Feature",
      "properties": {
        "id": "w956388204",
        "category": "bike_road",
        "category_label": "Bike road (dedicated)",
        "name": "path",
        "osm_way_id": "956388204",
        "partial": false
      },
      "geometry": {
        "type": "LineString",
        "coordinates": [
          [
            35.222058,
            31.7748833
          ],
          [
            35.2220877,
            31.7746747
          ],
          [
            35.2221085,
            31.7745677
          ],
          [
            35.2221759,
            31.774134
          ],
          [
            35.2222283,
            31.7739012
          ],
          [
            35.2223451,
            31.7736612
          ],
          [
            35.2224203,
            31.7735244
          ],
          [
            35.2224562,
            31.7734908
          ],
          [
            35.222499,
            31.7734502
          ],
          [
            35.2224937,
            31.7734331
          ],
          [
            35.2224964,
            31.7734113
          ],
          [
            35.2225239,
            31.7733542
          ],
          [
            35.2228389,
            31.7727569
          ],
          [
            35.2229146,
            31.7726148
          ],
          [
            35.2229577,
            31.7724952
          ],
          [
            35.222982,
            31.772386
          ],
          [
            35.2229981,
            31.7722228
          ],
          [
            35.2230269,
            31.7717149
          ],
          [
            35.2230274,
            31.7716503
          ],
          [
            35.2230277,
            31.7716267
          ]
        ]
      }
    },
    {
      "type": "Feature",
      "properties": {
        "id": "w1530651651",
        "category": "bike_road",
        "category_label": "Bike road (dedicated)",
        "name": "path",
        "osm_way_id": "1530651651",
        "partial": false
      },
      "geometry": {
        "type": "LineString",
        "coordinates": [
          [
            35.2226143,
            31.7778365
          ],
          [
            35.2226111,
            31.7777953
          ],
          [
            35.2226042,
            31.7777089
          ],
          [
            35.2225995,
            31.77765
          ],
          [
            35.222644,
            31.7776428
          ],
          [
            35.2226674,
            31.7776302
          ],
          [
            35.2226762,
            31.7776147
          ],
          [
            35.2226766,
            31.7775996
          ],
          [
            35.2226737,
            31.777577
          ],
          [
            35.2226432,
            31.7774818
          ],
          [
            35.2225088,
            31.7771765
          ],
          [
            35.222426,
            31.7770112
          ],
          [
            35.2223873,
            31.7769458
          ],
          [
            35.2223697,
            31.7769203
          ],
          [
            35.2223567,
            31.7768985
          ],
          [
            35.2223433,
            31.7768695
          ],
          [
            35.2223234,
            31.7768316
          ],
          [
            35.2222861,
            31.7767906
          ],
          [
            35.2222522,
            31.7767534
          ],
          [
            35.2222333,
            31.776701
          ],
          [
            35.2222218,
            31.776654
          ],
          [
            35.2222171,
            31.7766127
          ],
          [
            35.2222011,
            31.7765679
          ],
          [
            35.2221692,
            31.7764095
          ],
          [
            35.2220746,
            31.776054
          ],
          [
            35.2220517,
            31.7759707
          ],
          [
            35.2220033,
            31.775806
          ],
          [
            35.2219585,
            31.7756476
          ],
          [
            35.221929,
            31.7755229
          ],
          [
            35.2219111,
            31.7754264
          ],
          [
            35.221886,
            31.7752582
          ],
          [
            35.221875,
            31.7751289
          ],
          [
            35.2218726,
            31.775073
          ],
          [
            35.2218696,
            31.7749816
          ],
          [
            35.221879,
            31.7748732
          ]
        ]
      }
    },
    {
      "type": "Feature",
      "properties": {
        "id": "w1530651652",
        "category": "bike_road",
        "category_label": "Bike road (dedicated)",
        "name": "path",
        "osm_way_id": "1530651652",
        "partial": false
      },
      "geometry": {
        "type": "LineString",
        "coordinates": [
          [
            35.221879,
            31.7748732
          ],
          [
            35.2219787,
            31.7748788
          ],
          [
            35.222058,
            31.7748833
          ]
        ]
      }
    },
    {
      "type": "Feature",
      "properties": {
        "id": "w1086985767",
        "category": "bike_road",
        "category_label": "Bike road (dedicated)",
        "name": "path",
        "osm_way_id": "1086985767",
        "partial": false
      },
      "geometry": {
        "type": "LineString",
        "coordinates": [
          [
            35.2149089,
            31.7447553
          ],
          [
            35.2148324,
            31.7447785
          ],
          [
            35.21472,
            31.7448178
          ],
          [
            35.2146911,
            31.7448279
          ],
          [
            35.2145481,
            31.7448918
          ],
          [
            35.2141368,
            31.7450454
          ],
          [
            35.2140617,
            31.7450583
          ],
          [
            35.2139973,
            31.7450629
          ],
          [
            35.2138105,
            31.7451435
          ],
          [
            35.2137658,
            31.74518
          ],
          [
            35.2137251,
            31.7452142
          ],
          [
            35.2136692,
            31.7452477
          ],
          [
            35.213614,
            31.74528
          ],
          [
            35.2135082,
            31.7453423
          ],
          [
            35.2134183,
            31.7453914
          ],
          [
            35.2133612,
            31.7454184
          ],
          [
            35.2132464,
            31.7454686
          ],
          [
            35.2127075,
            31.7456728
          ],
          [
            35.2123657,
            31.7458178
          ],
          [
            35.2123933,
            31.7458956
          ],
          [
            35.2124336,
            31.7460135
          ],
          [
            35.2124561,
            31.7460803
          ],
          [
            35.2123814,
            31.7460996
          ],
          [
            35.2123112,
            31.7461189
          ],
          [
            35.2122499,
            31.7461457
          ],
          [
            35.2122066,
            31.7461648
          ],
          [
            35.2121839,
            31.7462055
          ],
          [
            35.2121621,
            31.7462477
          ]
        ]
      }
    },
    {
      "type": "Feature",
      "properties": {
        "id": "w1202812770",
        "category": "bike_road",
        "category_label": "Bike road (dedicated)",
        "name": "path",
        "osm_way_id": "1202812770",
        "partial": false
      },
      "geometry": {
        "type": "LineString",
        "coordinates": [
          [
            35.210189,
            31.746821
          ],
          [
            35.2111661,
            31.746506
          ],
          [
            35.2114394,
            31.7464344
          ],
          [
            35.21162,
            31.7463751
          ],
          [
            35.2120111,
            31.7462486
          ],
          [
            35.2120468,
            31.7462393
          ],
          [
            35.2120837,
            31.7462348
          ],
          [
            35.2121165,
            31.7462365
          ],
          [
            35.2121621,
            31.7462477
          ]
        ]
      }
    },
    {
      "type": "Feature",
      "properties": {
        "id": "w1086985762",
        "category": "bike_road",
        "category_label": "Bike road (dedicated)",
        "name": "path",
        "osm_way_id": "1086985762",
        "partial": false
      },
      "geometry": {
        "type": "LineString",
        "coordinates": [
          [
            35.2126885,
            31.7467829
          ],
          [
            35.2127008,
            31.7467427
          ],
          [
            35.212683,
            31.7467391
          ],
          [
            35.2126685,
            31.746732
          ],
          [
            35.2126578,
            31.7467185
          ],
          [
            35.2125065,
            31.7462932
          ],
          [
            35.2124992,
            31.7462595
          ],
          [
            35.2124979,
            31.7462291
          ],
          [
            35.2125012,
            31.7461999
          ],
          [
            35.2125052,
            31.7461712
          ],
          [
            35.2125105,
            31.7461465
          ],
          [
            35.2125184,
            31.7461206
          ],
          [
            35.2125279,
            31.7460985
          ],
          [
            35.2124886,
            31.746088
          ]
        ]
      }
    },
    {
      "type": "Feature",
      "properties": {
        "id": "w1385813941",
        "category": "bike_road",
        "category_label": "Bike road (dedicated)",
        "name": "cycleway",
        "osm_way_id": "1385813941",
        "partial": false
      },
      "geometry": {
        "type": "LineString",
        "coordinates": [
          [
            35.2325069,
            31.7493822
          ],
          [
            35.2325571,
            31.7491389
          ],
          [
            35.2329431,
            31.7483028
          ],
          [
            35.2329684,
            31.7479579
          ],
          [
            35.2329761,
            31.7469205
          ],
          [
            35.2329513,
            31.7465312
          ],
          [
            35.2328945,
            31.7464014
          ],
          [
            35.2328438,
            31.746313
          ],
          [
            35.2326673,
            31.7461871
          ],
          [
            35.2324118,
            31.7461056
          ],
          [
            35.2322095,
            31.7461147
          ],
          [
            35.231993,
            31.7461449
          ],
          [
            35.2318308,
            31.746225
          ],
          [
            35.2317645,
            31.7462649
          ],
          [
            35.2316212,
            31.7464274
          ],
          [
            35.2315022,
            31.746621
          ],
          [
            35.231471,
            31.7466925
          ],
          [
            35.2314228,
            31.7468935
          ],
          [
            35.2314126,
            31.7471505
          ],
          [
            35.2314695,
            31.7472823
          ],
          [
            35.2315081,
            31.7474699
          ],
          [
            35.2315162,
            31.7475277
          ],
          [
            35.2315437,
            31.7476451
          ],
          [
            35.231662,
            31.7481458
          ],
          [
            35.2316868,
            31.7484178
          ],
          [
            35.2316442,
            31.7486532
          ],
          [
            35.2315728,
            31.7488282
          ],
          [
            35.2313994,
            31.7491239
          ],
          [
            35.2311971,
            31.7493654
          ],
          [
            35.231023,
            31.749571
          ],
          [
            35.2309461,
            31.749755
          ],
          [
            35.2309037,
            31.7499251
          ],
          [
            35.2309043,
            31.750097
          ],
          [
            35.23097,
            31.7503127
          ],
          [
            35.231199,
            31.7508463
          ],
          [
            35.2312203,
            31.7509176
          ],
          [
            35.2312571,
            31.7510324
          ],
          [
            35.2312685,
            31.7511487
          ],
          [
            35.2312693,
            31.7514931
          ],
          [
            35.2312678,
            31.7516218
          ],
          [
            35.2312596,
            31.7517035
          ]
        ]
      }
    },
    {
      "type": "Feature",
      "properties": {
        "id": "w32514875",
        "category": "bike_road",
        "category_label": "Bike road (dedicated)",
        "name": "מאיר פינשטיין",
        "osm_way_id": "32514875",
        "partial": false
      },
      "geometry": {
        "type": "LineString",
        "coordinates": [
          [
            35.2343536,
            31.7500189
          ],
          [
            35.2344151,
            31.7499628
          ],
          [
            35.2345385,
            31.7497895
          ],
          [
            35.2345975,
            31.7496846
          ],
          [
            35.2346297,
            31.7495979
          ],
          [
            35.2346565,
            31.7495021
          ],
          [
            35.2347209,
            31.7492101
          ],
          [
            35.2348119,
            31.7488619
          ],
          [
            35.2348389,
            31.7487585
          ],
          [
            35.2348657,
            31.7486445
          ],
          [
            35.2349086,
            31.7485076
          ],
          [
            35.2349462,
            31.7484164
          ],
          [
            35.2350106,
            31.7482841
          ],
          [
            35.2350803,
            31.7481655
          ],
          [
            35.2351464,
            31.748057
          ],
          [
            35.2355034,
            31.7474712
          ],
          [
            35.2355671,
            31.7473666
          ],
          [
            35.2356918,
            31.7471619
          ],
          [
            35.2358437,
            31.7468853
          ],
          [
            35.2359234,
            31.7467118
          ],
          [
            35.2359707,
            31.7465818
          ],
          [
            35.2359992,
            31.7464569
          ],
          [
            35.2360169,
            31.7463392
          ],
          [
            35.2360206,
            31.7462294
          ],
          [
            35.2360143,
            31.7461097
          ],
          [
            35.2359978,
            31.7459847
          ],
          [
            35.2359763,
            31.7458705
          ]
        ]
      }
    },
    {
      "type": "Feature",
      "properties": {
        "id": "w138496434",
        "category": "bike_road",
        "category_label": "Bike road (dedicated)",
        "name": "מאיר פינשטיין",
        "osm_way_id": "138496434",
        "partial": false
      },
      "geometry": {
        "type": "LineString",
        "coordinates": [
          [
            35.2359763,
            31.7458705
          ],
          [
            35.235846,
            31.7454315
          ],
          [
            35.2358053,
            31.7453418
          ],
          [
            35.2357761,
            31.7452928
          ],
          [
            35.2357409,
            31.7452477
          ],
          [
            35.23572,
            31.745225
          ]
        ]
      }
    },
    {
      "type": "Feature",
      "properties": {
        "id": "w138496439",
        "category": "bike_road",
        "category_label": "Bike road (dedicated)",
        "name": "מאיר פינשטיין",
        "osm_way_id": "138496439",
        "partial": false
      },
      "geometry": {
        "type": "LineString",
        "coordinates": [
          [
            35.2358714,
            31.7451938
          ],
          [
            35.2358805,
            31.7452783
          ],
          [
            35.2359763,
            31.7458705
          ]
        ]
      }
    },
    {
      "type": "Feature",
      "properties": {
        "id": "p12_203251999",
        "category": "bike_road",
        "category_label": "Bike road (dedicated)",
        "name": "דוד רזיאל",
        "osm_way_id": "203251999",
        "partial": true
      },
      "geometry": {
        "type": "LineString",
        "coordinates": [
          [
            35.23265951006011,
            31.749351947855793
          ],
          [
            35.2326556,
            31.7494017
          ],
          [
            35.2326824,
            31.7495158
          ],
          [
            35.2327307,
            31.7496344
          ],
          [
            35.2327897,
            31.749753
          ],
          [
            35.2328648,
            31.7498579
          ],
          [
            35.2329506,
            31.7499354
          ],
          [
            35.2330472,
            31.750013
          ],
          [
            35.2331491,
            31.7500723
          ],
          [
            35.2332009,
            31.7500935
          ],
          [
            35.2332939,
            31.7501316
          ],
          [
            35.2333021,
            31.7501345
          ],
          [
            35.2334227,
            31.7501772
          ],
          [
            35.2335353,
            31.7501955
          ],
          [
            35.2336587,
            31.7502091
          ],
          [
            35.2337767,
            31.7502091
          ],
          [
            35.2339055,
            31.7502
          ],
          [
            35.2340128,
            31.7501818
          ],
          [
            35.2341469,
            31.7501453
          ],
          [
            35.2342928,
            31.7500672
          ],
          [
            35.23434034708277,
            31.750029428222074
          ]
        ]
      }
    },
    {
      "type": "Feature",
      "properties": {
        "id": "p13_203253012",
        "category": "bike_road",
        "category_label": "Bike road (dedicated)",
        "name": "אליעזר קשאני",
        "osm_way_id": "203253012",
        "partial": true
      },
      "geometry": {
        "type": "LineString",
        "coordinates": [
          [
            35.232518612554514,
            31.749372241499543
          ],
          [
            35.2325483,
            31.749347
          ],
          [
            35.23265077706329,
            31.749329693970743
          ]
        ]
      }
    },
    {
      "type": "Feature",
      "properties": {
        "id": "w138496428",
        "category": "bike_road",
        "category_label": "Bike road (dedicated)",
        "name": "דוד רזיאל",
        "osm_way_id": "138496428",
        "partial": false
      },
      "geometry": {
        "type": "LineString",
        "coordinates": [
          [
            35.2312182,
            31.7517434
          ],
          [
            35.2313502,
            31.752241
          ],
          [
            35.231419,
            31.7524248
          ],
          [
            35.2314656,
            31.7525165
          ],
          [
            35.2318114,
            31.7530465
          ],
          [
            35.2318415,
            31.7530817
          ],
          [
            35.2318767,
            31.753107
          ],
          [
            35.2319299,
            31.7531337
          ],
          [
            35.2319878,
            31.7531479
          ]
        ]
      }
    },
    {
      "type": "Feature",
      "properties": {
        "id": "w138496433",
        "category": "bike_road",
        "category_label": "Bike road (dedicated)",
        "name": "דוד רזיאל",
        "osm_way_id": "138496433",
        "partial": false
      },
      "geometry": {
        "type": "LineString",
        "coordinates": [
          [
            35.2318509,
            31.7532726
          ],
          [
            35.2318195,
            31.7532149
          ],
          [
            35.2317876,
            31.7531638
          ],
          [
            35.231491,
            31.7527085
          ],
          [
            35.2313786,
            31.7525271
          ],
          [
            35.2313142,
            31.7524055
          ],
          [
            35.2312766,
            31.7523036
          ],
          [
            35.2312399,
            31.7521823
          ],
          [
            35.231226,
            31.7520872
          ],
          [
            35.2312182,
            31.7517434
          ]
        ]
      }
    },
    {
      "type": "Feature",
      "properties": {
        "id": "w1275716998",
        "category": "bike_road",
        "category_label": "Bike road (dedicated)",
        "name": "footway",
        "osm_way_id": "1275716998",
        "partial": false
      },
      "geometry": {
        "type": "LineString",
        "coordinates": [
          [
            35.2318767,
            31.753107
          ],
          [
            35.2318364,
            31.7531421
          ],
          [
            35.2317876,
            31.7531638
          ]
        ]
      }
    },
    {
      "type": "Feature",
      "properties": {
        "id": "w44169491",
        "category": "bike_road",
        "category_label": "Bike road (dedicated)",
        "name": "path",
        "osm_way_id": "44169491",
        "partial": false
      },
      "geometry": {
        "type": "LineString",
        "coordinates": [
          [
            35.2369388,
            31.7731641
          ],
          [
            35.2369394,
            31.7732898
          ],
          [
            35.236913,
            31.7736037
          ],
          [
            35.2369451,
            31.7737948
          ],
          [
            35.2370849,
            31.7740315
          ],
          [
            35.237251,
            31.7743158
          ],
          [
            35.2376503,
            31.7746508
          ],
          [
            35.2378798,
            31.77477
          ],
          [
            35.2380135,
            31.7748881
          ],
          [
            35.2381573,
            31.7751123
          ],
          [
            35.2383301,
            31.7753771
          ],
          [
            35.2384952,
            31.7755255
          ],
          [
            35.2385226,
            31.775598
          ],
          [
            35.238514,
            31.7757937
          ],
          [
            35.2385507,
            31.7759079
          ],
          [
            35.2385673,
            31.7760157
          ],
          [
            35.2385611,
            31.7761392
          ],
          [
            35.2384918,
            31.7763167
          ],
          [
            35.2384291,
            31.7764258
          ],
          [
            35.2384222,
            31.7766724
          ],
          [
            35.2384655,
            31.7768453
          ],
          [
            35.238489,
            31.7769485
          ],
          [
            35.2385961,
            31.7769908
          ],
          [
            35.2386846,
            31.7770615
          ],
          [
            35.2386229,
            31.7771048
          ],
          [
            35.2386621,
            31.7772298
          ],
          [
            35.2387143,
            31.7773182
          ]
        ]
      }
    },
    {
      "type": "Feature",
      "properties": {
        "id": "w813797154",
        "category": "bike_road",
        "category_label": "Bike road (dedicated)",
        "name": "path",
        "osm_way_id": "813797154",
        "partial": false
      },
      "geometry": {
        "type": "LineString",
        "coordinates": [
          [
            35.2387143,
            31.7773182
          ],
          [
            35.2387467,
            31.777373
          ],
          [
            35.2387665,
            31.7774317
          ],
          [
            35.2388124,
            31.7774793
          ],
          [
            35.2388627,
            31.7775197
          ],
          [
            35.2390241,
            31.7776495
          ],
          [
            35.2391557,
            31.7777716
          ],
          [
            35.23918,
            31.7778467
          ],
          [
            35.2393525,
            31.7779667
          ],
          [
            35.2394571,
            31.7780488
          ],
          [
            35.2395542,
            31.7781893
          ]
        ]
      }
    },
    {
      "type": "Feature",
      "properties": {
        "id": "w625753570",
        "category": "bike_road",
        "category_label": "Bike road (dedicated)",
        "name": "cycleway",
        "osm_way_id": "625753570",
        "partial": false
      },
      "geometry": {
        "type": "LineString",
        "coordinates": [
          [
            35.2460321,
            31.7889431
          ],
          [
            35.2460747,
            31.7890139
          ],
          [
            35.2460879,
            31.7890734
          ],
          [
            35.2460825,
            31.7891288
          ],
          [
            35.2460822,
            31.7891506
          ],
          [
            35.2460698,
            31.7891767
          ],
          [
            35.2458878,
            31.7893244
          ],
          [
            35.2458493,
            31.7893465
          ],
          [
            35.245455,
            31.7894542
          ],
          [
            35.245351,
            31.7894523
          ],
          [
            35.2452752,
            31.7895081
          ],
          [
            35.2447476,
            31.789684
          ],
          [
            35.2446517,
            31.7896782
          ],
          [
            35.2445755,
            31.7897302
          ],
          [
            35.2440245,
            31.78993
          ],
          [
            35.2439498,
            31.7899208
          ],
          [
            35.2438791,
            31.7899482
          ],
          [
            35.2435019,
            31.7900316
          ],
          [
            35.2434889,
            31.7900213
          ],
          [
            35.2434985,
            31.7900027
          ],
          [
            35.2435387,
            31.7899754
          ],
          [
            35.2436212,
            31.7899424
          ],
          [
            35.244778,
            31.789393
          ],
          [
            35.2448991,
            31.7892671
          ],
          [
            35.2449596,
            31.7891585
          ],
          [
            35.2449929,
            31.789013
          ]
        ]
      }
    },
    {
      "type": "Feature",
      "properties": {
        "id": "w625753561",
        "category": "bike_road",
        "category_label": "Bike road (dedicated)",
        "name": "path",
        "osm_way_id": "625753561",
        "partial": false
      },
      "geometry": {
        "type": "LineString",
        "coordinates": [
          [
            35.2449929,
            31.789013
          ],
          [
            35.2449215,
            31.7888886
          ],
          [
            35.2447382,
            31.7886593
          ],
          [
            35.2445241,
            31.7885778
          ]
        ]
      }
    },
    {
      "type": "Feature",
      "properties": {
        "id": "w780310094",
        "category": "bike_road",
        "category_label": "Bike road (dedicated)",
        "name": "cycleway",
        "osm_way_id": "780310094",
        "partial": false
      },
      "geometry": {
        "type": "LineString",
        "coordinates": [
          [
            35.2436395,
            31.7885525
          ],
          [
            35.2437443,
            31.7884495
          ],
          [
            35.243799,
            31.7883045
          ],
          [
            35.2438169,
            31.7881663
          ],
          [
            35.2438483,
            31.7881463
          ],
          [
            35.2438965,
            31.7881486
          ],
          [
            35.2439309,
            31.7881708
          ],
          [
            35.2439797,
            31.788274
          ],
          [
            35.244095,
            31.7884268
          ],
          [
            35.2441428,
            31.788449
          ],
          [
            35.244173,
            31.7884463
          ],
          [
            35.2441943,
            31.7884085
          ],
          [
            35.2441943,
            31.7883287
          ],
          [
            35.2441519,
            31.7882249
          ],
          [
            35.2441449,
            31.7881954
          ],
          [
            35.244166,
            31.7881785
          ],
          [
            35.2442112,
            31.7881947
          ],
          [
            35.2442935,
            31.7882375
          ],
          [
            35.2444774,
            31.7884114
          ],
          [
            35.2445241,
            31.7885778
          ]
        ]
      }
    },
    {
      "type": "Feature",
      "properties": {
        "id": "w275483348",
        "category": "bike_road",
        "category_label": "Bike road (dedicated)",
        "name": "path",
        "osm_way_id": "275483348",
        "partial": false
      },
      "geometry": {
        "type": "LineString",
        "coordinates": [
          [
            35.2436026,
            31.7885115
          ],
          [
            35.2436395,
            31.7885525
          ]
        ]
      }
    },
    {
      "type": "Feature",
      "properties": {
        "id": "w422981003",
        "category": "bike_road",
        "category_label": "Bike road (dedicated)",
        "name": "footway",
        "osm_way_id": "422981003",
        "partial": false
      },
      "geometry": {
        "type": "LineString",
        "coordinates": [
          [
            35.2436026,
            31.7885115
          ],
          [
            35.2434174,
            31.7884897
          ],
          [
            35.243285,
            31.7885013
          ]
        ]
      }
    },
    {
      "type": "Feature",
      "properties": {
        "id": "w275483344",
        "category": "bike_road",
        "category_label": "Bike road (dedicated)",
        "name": "footway",
        "osm_way_id": "275483344",
        "partial": false
      },
      "geometry": {
        "type": "LineString",
        "coordinates": [
          [
            35.243285,
            31.7885013
          ],
          [
            35.2434219,
            31.7888277
          ]
        ]
      }
    },
    {
      "type": "Feature",
      "properties": {
        "id": "w625753572",
        "category": "bike_road",
        "category_label": "Bike road (dedicated)",
        "name": "footway",
        "osm_way_id": "625753572",
        "partial": false
      },
      "geometry": {
        "type": "LineString",
        "coordinates": [
          [
            35.2434219,
            31.7888277
          ],
          [
            35.2433757,
            31.7888759
          ],
          [
            35.2433112,
            31.788914
          ],
          [
            35.2432516,
            31.78893
          ],
          [
            35.2431376,
            31.7889288
          ],
          [
            35.2430147,
            31.7889027
          ],
          [
            35.2428946,
            31.7888761
          ],
          [
            35.2427137,
            31.7887904
          ],
          [
            35.2424128,
            31.7886044
          ],
          [
            35.2422768,
            31.7884525
          ],
          [
            35.2420445,
            31.7881445
          ],
          [
            35.2419969,
            31.7880879
          ],
          [
            35.2417162,
            31.7877268
          ],
          [
            35.241622,
            31.7876505
          ],
          [
            35.241568,
            31.787639
          ]
        ]
      }
    },
    {
      "type": "Feature",
      "properties": {
        "id": "w788973605",
        "category": "bike_road",
        "category_label": "Bike road (dedicated)",
        "name": "footway",
        "osm_way_id": "788973605",
        "partial": false
      },
      "geometry": {
        "type": "LineString",
        "coordinates": [
          [
            35.241568,
            31.787639
          ],
          [
            35.2415084,
            31.7877624
          ],
          [
            35.2414773,
            31.7877899
          ]
        ]
      }
    },
    {
      "type": "Feature",
      "properties": {
        "id": "w780310095",
        "category": "bike_road",
        "category_label": "Bike road (dedicated)",
        "name": "path",
        "osm_way_id": "780310095",
        "partial": false
      },
      "geometry": {
        "type": "LineString",
        "coordinates": [
          [
            35.2414773,
            31.7877899
          ],
          [
            35.2414251,
            31.7878125
          ],
          [
            35.2413256,
            31.7878545
          ],
          [
            35.2412773,
            31.7878617
          ],
          [
            35.2411919,
            31.7878522
          ],
          [
            35.2409585,
            31.7877436
          ],
          [
            35.2408209,
            31.7876626
          ],
          [
            35.240719,
            31.7876055
          ],
          [
            35.2405467,
            31.7875152
          ],
          [
            35.2404429,
            31.787479
          ],
          [
            35.2402471,
            31.7874034
          ],
          [
            35.2400421,
            31.7873094
          ],
          [
            35.2399223,
            31.7872412
          ],
          [
            35.2397628,
            31.7871419
          ],
          [
            35.2396583,
            31.7870262
          ],
          [
            35.2395092,
            31.7868621
          ],
          [
            35.2394624,
            31.7867866
          ],
          [
            35.2394274,
            31.7866962
          ],
          [
            35.2394254,
            31.7865864
          ],
          [
            35.2394348,
            31.7864626
          ],
          [
            35.2394469,
            31.7862939
          ],
          [
            35.2394753,
            31.7860242
          ],
          [
            35.2394631,
            31.7858376
          ],
          [
            35.2394015,
            31.7855983
          ],
          [
            35.2393004,
            31.785393
          ],
          [
            35.2392157,
            31.7851251
          ]
        ]
      }
    },
    {
      "type": "Feature",
      "properties": {
        "id": "w88827630",
        "category": "bike_road",
        "category_label": "Bike road (dedicated)",
        "name": "path",
        "osm_way_id": "88827630",
        "partial": false
      },
      "geometry": {
        "type": "LineString",
        "coordinates": [
          [
            35.2392157,
            31.7851251
          ],
          [
            35.2391944,
            31.7850335
          ],
          [
            35.2391615,
            31.7844962
          ],
          [
            35.2391607,
            31.7842478
          ]
        ]
      }
    },
    {
      "type": "Feature",
      "properties": {
        "id": "w842673903",
        "category": "bike_road",
        "category_label": "Bike road (dedicated)",
        "name": "cycleway",
        "osm_way_id": "842673903",
        "partial": false
      },
      "geometry": {
        "type": "LineString",
        "coordinates": [
          [
            35.2402717,
            31.7972023
          ],
          [
            35.2404765,
            31.7969844
          ],
          [
            35.2408219,
            31.7967088
          ],
          [
            35.2413089,
            31.7963127
          ],
          [
            35.2415051,
            31.7961777
          ],
          [
            35.241781,
            31.7958887
          ],
          [
            35.2420611,
            31.795519
          ],
          [
            35.242338,
            31.7952137
          ],
          [
            35.2423497,
            31.7951949
          ],
          [
            35.2423614,
            31.7951646
          ],
          [
            35.2423642,
            31.7951411
          ],
          [
            35.2423651,
            31.7951212
          ],
          [
            35.242361,
            31.7950923
          ],
          [
            35.2423481,
            31.795045
          ],
          [
            35.2423229,
            31.7949993
          ],
          [
            35.2422826,
            31.7949539
          ],
          [
            35.2422335,
            31.7949153
          ],
          [
            35.242161,
            31.7948721
          ],
          [
            35.2418922,
            31.7946831
          ],
          [
            35.2417613,
            31.7945911
          ],
          [
            35.241595,
            31.7944493
          ],
          [
            35.2415092,
            31.7943536
          ],
          [
            35.241566,
            31.794322
          ],
          [
            35.2416307,
            31.7942859
          ],
          [
            35.2416685,
            31.7942648
          ],
          [
            35.2416685,
            31.794237
          ],
          [
            35.2416792,
            31.7942139
          ],
          [
            35.2417029,
            31.7941904
          ],
          [
            35.2417474,
            31.7941649
          ],
          [
            35.2417314,
            31.7941472
          ],
          [
            35.2417018,
            31.7941144
          ],
          [
            35.2416482,
            31.794055
          ],
          [
            35.2415744,
            31.7939727
          ]
        ]
      }
    },
    {
      "type": "Feature",
      "properties": {
        "id": "w976029164",
        "category": "bike_road",
        "category_label": "Bike road (dedicated)",
        "name": "cycleway",
        "osm_way_id": "976029164",
        "partial": false
      },
      "geometry": {
        "type": "LineString",
        "coordinates": [
          [
            35.2403836,
            31.7972914
          ],
          [
            35.2404232,
            31.797323
          ],
          [
            35.2404078,
            31.7973545
          ],
          [
            35.2404049,
            31.7973788
          ],
          [
            35.240356,
            31.7974165
          ],
          [
            35.240309,
            31.7974537
          ],
          [
            35.2402907,
            31.7974685
          ],
          [
            35.2402768,
            31.7974644
          ],
          [
            35.2402527,
            31.7974683
          ],
          [
            35.2402301,
            31.7974789
          ],
          [
            35.2401886,
            31.7975155
          ],
          [
            35.2401398,
            31.7975506
          ],
          [
            35.2400586,
            31.7976
          ],
          [
            35.2399636,
            31.7976484
          ],
          [
            35.2398645,
            31.7976983
          ],
          [
            35.239766,
            31.7977409
          ]
        ]
      }
    },
    {
      "type": "Feature",
      "properties": {
        "id": "w1253463328",
        "category": "bike_road",
        "category_label": "Bike road (dedicated)",
        "name": "cycleway",
        "osm_way_id": "1253463328",
        "partial": false
      },
      "geometry": {
        "type": "LineString",
        "coordinates": [
          [
            35.2403162,
            31.7972377
          ],
          [
            35.2403836,
            31.7972914
          ]
        ]
      }
    },
    {
      "type": "Feature",
      "properties": {
        "id": "w1312673514",
        "category": "bike_road",
        "category_label": "Bike road (dedicated)",
        "name": "זלמן שוקן",
        "osm_way_id": "1312673514",
        "partial": false
      },
      "geometry": {
        "type": "LineString",
        "coordinates": [
          [
            35.2402717,
            31.7972023
          ],
          [
            35.2403162,
            31.7972377
          ]
        ]
      }
    },
    {
      "type": "Feature",
      "properties": {
        "id": "w218586258",
        "category": "bike_road",
        "category_label": "Bike road (dedicated)",
        "name": "cycleway",
        "osm_way_id": "218586258",
        "partial": false
      },
      "geometry": {
        "type": "LineString",
        "coordinates": [
          [
            35.239766,
            31.7977409
          ],
          [
            35.2393013,
            31.7980879
          ],
          [
            35.2392341,
            31.7981379
          ],
          [
            35.2391453,
            31.7981737
          ],
          [
            35.2390614,
            31.7981889
          ],
          [
            35.238946,
            31.7981895
          ],
          [
            35.2388028,
            31.7981729
          ],
          [
            35.2384784,
            31.7981098
          ],
          [
            35.2383632,
            31.7981621
          ],
          [
            35.238307,
            31.7981948
          ],
          [
            35.2382419,
            31.7982521
          ],
          [
            35.238215,
            31.7982849
          ],
          [
            35.2381881,
            31.7983235
          ],
          [
            35.2381881,
            31.7983578
          ],
          [
            35.2381921,
            31.7983806
          ],
          [
            35.2381571,
            31.7983799
          ],
          [
            35.2381185,
            31.7983791
          ],
          [
            35.2381021,
            31.7983788
          ],
          [
            35.2379857,
            31.7983766
          ],
          [
            35.237972,
            31.7983848
          ]
        ]
      }
    },
    {
      "type": "Feature",
      "properties": {
        "id": "w976029178",
        "category": "bike_road",
        "category_label": "Bike road (dedicated)",
        "name": "cycleway",
        "osm_way_id": "976029178",
        "partial": false
      },
      "geometry": {
        "type": "LineString",
        "coordinates": [
          [
            35.2392256,
            31.7996715
          ],
          [
            35.2391899,
            31.7996252
          ],
          [
            35.2391586,
            31.7995965
          ],
          [
            35.2389716,
            31.7994537
          ],
          [
            35.2388455,
            31.7993462
          ],
          [
            35.238601,
            31.7991504
          ],
          [
            35.2382342,
            31.7987982
          ],
          [
            35.2381343,
            31.7986926
          ],
          [
            35.2379004,
            31.7984339
          ],
          [
            35.2379248,
            31.7984166
          ],
          [
            35.237972,
            31.7983848
          ]
        ]
      }
    },
    {
      "type": "Feature",
      "properties": {
        "id": "w1253463322",
        "category": "bike_lane",
        "category_label": "Bike lane on normal road",
        "name": "חיים יסקי",
        "osm_way_id": "1253463322",
        "partial": false
      },
      "geometry": {
        "type": "LineString",
        "coordinates": [
          [
            35.2392906,
            31.7996123
          ],
          [
            35.239364,
            31.7996573
          ],
          [
            35.2394082,
            31.7996902
          ],
          [
            35.2394457,
            31.7997279
          ],
          [
            35.2394652,
            31.7997502
          ],
          [
            35.239488,
            31.7997799
          ],
          [
            35.2395029,
            31.7998017
          ],
          [
            35.2395156,
            31.7998232
          ],
          [
            35.2395361,
            31.7998611
          ],
          [
            35.2395539,
            31.7998983
          ],
          [
            35.2398073,
            31.8005068
          ],
          [
            35.2398855,
            31.8007159
          ]
        ]
      }
    },
    {
      "type": "Feature",
      "properties": {
        "id": "w842656202",
        "category": "bike_road",
        "category_label": "Bike road (dedicated)",
        "name": "cycleway",
        "osm_way_id": "842656202",
        "partial": false
      },
      "geometry": {
        "type": "LineString",
        "coordinates": [
          [
            35.236116,
            31.8039199
          ],
          [
            35.2362024,
            31.8039102
          ],
          [
            35.2362773,
            31.8038696
          ],
          [
            35.2364688,
            31.8037657
          ],
          [
            35.2369044,
            31.8034876
          ],
          [
            35.2375373,
            31.8030965
          ],
          [
            35.2376817,
            31.8029742
          ],
          [
            35.23777,
            31.8028863
          ],
          [
            35.2379309,
            31.8026653
          ],
          [
            35.2381081,
            31.8023862
          ],
          [
            35.2381474,
            31.8023086
          ],
          [
            35.2382073,
            31.8021263
          ],
          [
            35.2382886,
            31.8017324
          ],
          [
            35.2383477,
            31.8013929
          ],
          [
            35.2383575,
            31.8013166
          ],
          [
            35.238358,
            31.8012666
          ]
        ]
      }
    },
    {
      "type": "Feature",
      "properties": {
        "id": "w842728375",
        "category": "bike_road",
        "category_label": "Bike road (dedicated)",
        "name": "cycleway",
        "osm_way_id": "842728375",
        "partial": false
      },
      "geometry": {
        "type": "LineString",
        "coordinates": [
          [
            35.2359117,
            31.8042522
          ],
          [
            35.2359586,
            31.8041049
          ],
          [
            35.2360105,
            31.8039906
          ],
          [
            35.2360291,
            31.8039302
          ],
          [
            35.236116,
            31.8039199
          ]
        ]
      }
    },
    {
      "type": "Feature",
      "properties": {
        "id": "w842729149",
        "category": "bike_road",
        "category_label": "Bike road (dedicated)",
        "name": "cycleway",
        "osm_way_id": "842729149",
        "partial": false
      },
      "geometry": {
        "type": "LineString",
        "coordinates": [
          [
            35.2343803,
            31.8049413
          ],
          [
            35.2344188,
            31.8048421
          ],
          [
            35.2344481,
            31.8047664
          ],
          [
            35.2345237,
            31.8047771
          ],
          [
            35.2345751,
            31.8047844
          ],
          [
            35.2346045,
            31.8047886
          ],
          [
            35.2347696,
            31.8047694
          ],
          [
            35.23505,
            31.8047369
          ],
          [
            35.2350976,
            31.8047353
          ],
          [
            35.2352015,
            31.8047318
          ],
          [
            35.2352323,
            31.8046615
          ],
          [
            35.2352465,
            31.8046291
          ],
          [
            35.2353218,
            31.8046473
          ],
          [
            35.2354582,
            31.8046348
          ],
          [
            35.2355189,
            31.8045848
          ],
          [
            35.2358169,
            31.8043371
          ],
          [
            35.2358788,
            31.8042821
          ],
          [
            35.2359117,
            31.8042522
          ]
        ]
      }
    },
    {
      "type": "Feature",
      "properties": {
        "id": "w842724719",
        "category": "bike_road",
        "category_label": "Bike road (dedicated)",
        "name": "cycleway",
        "osm_way_id": "842724719",
        "partial": false
      },
      "geometry": {
        "type": "LineString",
        "coordinates": [
          [
            35.2321146,
            31.8054964
          ],
          [
            35.2321657,
            31.805504
          ],
          [
            35.2322323,
            31.8054947
          ],
          [
            35.232284,
            31.8054677
          ],
          [
            35.2323143,
            31.8054351
          ],
          [
            35.232332,
            31.805392
          ],
          [
            35.2323341,
            31.8053413
          ],
          [
            35.2323199,
            31.805292
          ],
          [
            35.2322729,
            31.8051999
          ],
          [
            35.2322633,
            31.8051495
          ],
          [
            35.232259,
            31.8051058
          ],
          [
            35.232263,
            31.8050762
          ],
          [
            35.2322716,
            31.8050484
          ],
          [
            35.2322919,
            31.805001
          ],
          [
            35.2323103,
            31.8049575
          ],
          [
            35.2323084,
            31.8049158
          ],
          [
            35.2322964,
            31.804879
          ],
          [
            35.2322767,
            31.8048473
          ],
          [
            35.2322291,
            31.8048013
          ],
          [
            35.2321927,
            31.8047682
          ],
          [
            35.2321778,
            31.804724
          ],
          [
            35.232191,
            31.8046771
          ],
          [
            35.2322177,
            31.8046302
          ],
          [
            35.2323077,
            31.8046073
          ],
          [
            35.2323806,
            31.8046238
          ],
          [
            35.2324383,
            31.8046677
          ],
          [
            35.2325027,
            31.8047718
          ],
          [
            35.2325942,
            31.8048251
          ],
          [
            35.2326483,
            31.804838
          ],
          [
            35.2326792,
            31.8048421
          ],
          [
            35.2327286,
            31.8048384
          ],
          [
            35.2327727,
            31.8048103
          ],
          [
            35.232822,
            31.8047561
          ],
          [
            35.232836,
            31.8047018
          ],
          [
            35.2328273,
            31.8046378
          ],
          [
            35.2327888,
            31.8045808
          ],
          [
            35.2327422,
            31.8044962
          ],
          [
            35.2327587,
            31.8044457
          ],
          [
            35.2328156,
            31.8044179
          ],
          [
            35.2329033,
            31.8044172
          ],
          [
            35.2331024,
            31.8044722
          ],
          [
            35.2331956,
            31.8045031
          ],
          [
            35.2332639,
            31.8045728
          ],
          [
            35.2333172,
            31.804607
          ],
          [
            35.233423,
            31.8046214
          ],
          [
            35.2335564,
            31.8045944
          ],
          [
            35.233638,
            31.804579
          ],
          [
            35.2336873,
            31.8045908
          ],
          [
            35.2337264,
            31.8046108
          ]
        ]
      }
    },
    {
      "type": "Feature",
      "properties": {
        "id": "w813797187",
        "category": "bike_road",
        "category_label": "Bike road (dedicated)",
        "name": "cycleway",
        "osm_way_id": "813797187",
        "partial": false
      },
      "geometry": {
        "type": "LineString",
        "coordinates": [
          [
            35.222076,
            31.804717
          ],
          [
            35.2222965,
            31.8046946
          ],
          [
            35.222489,
            31.804675
          ],
          [
            35.222957,
            31.804594
          ],
          [
            35.223205,
            31.80453
          ],
          [
            35.2241,
            31.804221
          ],
          [
            35.22509,
            31.803992
          ],
          [
            35.225344,
            31.803956
          ],
          [
            35.2255206,
            31.8039639
          ],
          [
            35.225709,
            31.804015
          ],
          [
            35.225805,
            31.804066
          ],
          [
            35.226033,
            31.804231
          ],
          [
            35.226379,
            31.804527
          ],
          [
            35.226474,
            31.804582
          ],
          [
            35.226615,
            31.804636
          ],
          [
            35.226757,
            31.804662
          ],
          [
            35.227191,
            31.804703
          ],
          [
            35.227455,
            31.804748
          ],
          [
            35.228395,
            31.804961
          ],
          [
            35.228905,
            31.805045
          ],
          [
            35.229294,
            31.805053
          ],
          [
            35.229576,
            31.805034
          ],
          [
            35.23003,
            31.805035
          ],
          [
            35.2307177,
            31.8051026
          ],
          [
            35.2310224,
            31.8051238
          ],
          [
            35.2313108,
            31.8051209
          ],
          [
            35.2314613,
            31.805138
          ],
          [
            35.2315096,
            31.8051519
          ],
          [
            35.2315538,
            31.8051689
          ],
          [
            35.2316016,
            31.8052054
          ],
          [
            35.231624,
            31.805243
          ],
          [
            35.2316701,
            31.8053294
          ],
          [
            35.2316935,
            31.8053591
          ],
          [
            35.2317337,
            31.8053736
          ],
          [
            35.231778,
            31.805369
          ],
          [
            35.2318005,
            31.8053549
          ],
          [
            35.2318209,
            31.8053348
          ],
          [
            35.2318286,
            31.8052971
          ],
          [
            35.2318165,
            31.8052504
          ],
          [
            35.2318224,
            31.8052153
          ],
          [
            35.2318457,
            31.805183
          ],
          [
            35.2318814,
            31.805169
          ],
          [
            35.2319231,
            31.8051649
          ],
          [
            35.2319535,
            31.8051707
          ],
          [
            35.2319812,
            31.8051817
          ],
          [
            35.2319977,
            31.8052006
          ],
          [
            35.2320049,
            31.8052281
          ],
          [
            35.2320088,
            31.8052758
          ],
          [
            35.2320104,
            31.8053546
          ],
          [
            35.2320363,
            31.8054269
          ],
          [
            35.2320657,
            31.8054657
          ],
          [
            35.2321146,
            31.8054964
          ]
        ]
      }
    },
    {
      "type": "Feature",
      "properties": {
        "id": "w128913273",
        "category": "bike_road",
        "category_label": "Bike road (dedicated)",
        "name": "cycleway",
        "osm_way_id": "128913273",
        "partial": false
      },
      "geometry": {
        "type": "LineString",
        "coordinates": [
          [
            35.2151406,
            31.8057906
          ],
          [
            35.2152459,
            31.805768
          ],
          [
            35.2153893,
            31.8057339
          ],
          [
            35.216085,
            31.805612
          ],
          [
            35.216732,
            31.805372
          ],
          [
            35.21696,
            31.805308
          ],
          [
            35.2170546,
            31.8052957
          ],
          [
            35.217236,
            31.805272
          ],
          [
            35.2174867,
            31.805272
          ],
          [
            35.217889,
            31.805272
          ],
          [
            35.218316,
            31.805205
          ],
          [
            35.218462,
            31.805158
          ],
          [
            35.218937,
            31.804898
          ],
          [
            35.219108,
            31.804834
          ],
          [
            35.219259,
            31.804806
          ],
          [
            35.219595,
            31.804794
          ],
          [
            35.220017,
            31.804798
          ],
          [
            35.220518,
            31.804835
          ],
          [
            35.221611,
            31.804804
          ],
          [
            35.222076,
            31.804717
          ]
        ]
      }
    },
    {
      "type": "Feature",
      "properties": {
        "id": "w1355889756",
        "category": "bike_road",
        "category_label": "Bike road (dedicated)",
        "name": "path",
        "osm_way_id": "1355889756",
        "partial": false
      },
      "geometry": {
        "type": "LineString",
        "coordinates": [
          [
            35.2106712,
            31.807152
          ],
          [
            35.2107894,
            31.8070494
          ],
          [
            35.2108188,
            31.8070257
          ],
          [
            35.2108504,
            31.8070038
          ],
          [
            35.2108843,
            31.8069836
          ],
          [
            35.2109204,
            31.806965
          ],
          [
            35.2109586,
            31.8069481
          ],
          [
            35.2109989,
            31.8069328
          ],
          [
            35.2110412,
            31.806919
          ],
          [
            35.2110857,
            31.8069068
          ],
          [
            35.2111321,
            31.8068962
          ],
          [
            35.2111805,
            31.806887
          ],
          [
            35.2112344,
            31.8068802
          ],
          [
            35.2112884,
            31.8068739
          ],
          [
            35.2113426,
            31.806868
          ],
          [
            35.211397,
            31.8068626
          ],
          [
            35.2114516,
            31.8068577
          ],
          [
            35.2115064,
            31.8068533
          ],
          [
            35.2115615,
            31.8068495
          ],
          [
            35.2116168,
            31.8068464
          ],
          [
            35.2116723,
            31.8068439
          ],
          [
            35.2117281,
            31.8068422
          ],
          [
            35.2117567,
            31.8068409
          ],
          [
            35.2117853,
            31.8068388
          ],
          [
            35.2118138,
            31.8068358
          ],
          [
            35.2118424,
            31.806832
          ],
          [
            35.211871,
            31.8068275
          ],
          [
            35.2118995,
            31.8068222
          ],
          [
            35.2119281,
            31.8068162
          ],
          [
            35.2119566,
            31.8068095
          ],
          [
            35.2119852,
            31.8068022
          ],
          [
            35.2120138,
            31.8067942
          ],
          [
            35.2124304,
            31.8066736
          ],
          [
            35.213432,
            31.806449
          ],
          [
            35.213665,
            31.806358
          ],
          [
            35.214198,
            31.806062
          ],
          [
            35.21444,
            31.805965
          ],
          [
            35.214712,
            31.805881
          ],
          [
            35.2151406,
            31.8057906
          ]
        ]
      }
    },
    {
      "type": "Feature",
      "properties": {
        "id": "w1474281867",
        "category": "bike_road",
        "category_label": "Bike road (dedicated)",
        "name": "cycleway",
        "osm_way_id": "1474281867",
        "partial": false
      },
      "geometry": {
        "type": "LineString",
        "coordinates": [
          [
            35.2094177,
            31.8067972
          ],
          [
            35.2094867,
            31.8068391
          ],
          [
            35.2098542,
            31.8071143
          ],
          [
            35.209868,
            31.8071233
          ],
          [
            35.2098821,
            31.8071317
          ],
          [
            35.2098966,
            31.8071394
          ],
          [
            35.2099116,
            31.8071465
          ],
          [
            35.209927,
            31.8071529
          ],
          [
            35.2099428,
            31.8071587
          ],
          [
            35.2099591,
            31.8071637
          ],
          [
            35.2099758,
            31.8071681
          ],
          [
            35.209993,
            31.8071717
          ],
          [
            35.2100107,
            31.8071746
          ],
          [
            35.2104018,
            31.8072411
          ],
          [
            35.2104236,
            31.8072439
          ],
          [
            35.2104458,
            31.8072462
          ],
          [
            35.2104683,
            31.8072476
          ],
          [
            35.2104911,
            31.8072475
          ],
          [
            35.210514,
            31.8072455
          ],
          [
            35.2105368,
            31.8072412
          ],
          [
            35.2105596,
            31.8072341
          ],
          [
            35.210582,
            31.8072238
          ],
          [
            35.2106041,
            31.8072098
          ],
          [
            35.2106256,
            31.8071916
          ],
          [
            35.2106712,
            31.807152
          ]
        ]
      }
    },
    {
      "type": "Feature",
      "properties": {
        "id": "w1187262987",
        "category": "bike_road",
        "category_label": "Bike road (dedicated)",
        "name": "cycleway",
        "osm_way_id": "1187262987",
        "partial": false
      },
      "geometry": {
        "type": "LineString",
        "coordinates": [
          [
            35.2092646,
            31.806738
          ],
          [
            35.2092788,
            31.8067403
          ],
          [
            35.2093501,
            31.8067657
          ],
          [
            35.2094177,
            31.8067972
          ]
        ]
      }
    },
    {
      "type": "Feature",
      "properties": {
        "id": "w885805527",
        "category": "bike_road",
        "category_label": "Bike road (dedicated)",
        "name": "cycleway",
        "osm_way_id": "885805527",
        "partial": false
      },
      "geometry": {
        "type": "LineString",
        "coordinates": [
          [
            35.2086732,
            31.8068773
          ],
          [
            35.2086207,
            31.8069009
          ],
          [
            35.2086039,
            31.8069106
          ],
          [
            35.2085899,
            31.8069205
          ],
          [
            35.2085787,
            31.8069306
          ],
          [
            35.2085706,
            31.806941
          ],
          [
            35.2085653,
            31.8069517
          ],
          [
            35.2085632,
            31.8069628
          ],
          [
            35.2085641,
            31.8069741
          ],
          [
            35.2085682,
            31.8069859
          ],
          [
            35.2085756,
            31.8069981
          ],
          [
            35.2085862,
            31.8070107
          ],
          [
            35.2087067,
            31.8071356
          ],
          [
            35.2087532,
            31.807201
          ],
          [
            35.2087755,
            31.8072775
          ],
          [
            35.208775,
            31.8073605
          ],
          [
            35.2087532,
            31.8074452
          ],
          [
            35.2087114,
            31.807527
          ],
          [
            35.2086509,
            31.8076012
          ],
          [
            35.2085731,
            31.8076631
          ],
          [
            35.2084794,
            31.807708
          ],
          [
            35.2083711,
            31.8077312
          ],
          [
            35.2082496,
            31.8077281
          ],
          [
            35.2081695,
            31.8077188
          ],
          [
            35.2081295,
            31.8077173
          ],
          [
            35.2080895,
            31.807725
          ],
          [
            35.2080003,
            31.807759
          ],
          [
            35.207953,
            31.8077791
          ],
          [
            35.2077929,
            31.807807
          ],
          [
            35.2076248,
            31.8078272
          ],
          [
            35.2074996,
            31.8078262
          ],
          [
            35.207008,
            31.8078088
          ],
          [
            35.2067949,
            31.8077883
          ],
          [
            35.2066525,
            31.807772
          ],
          [
            35.2064775,
            31.807741
          ],
          [
            35.2063022,
            31.8076818
          ],
          [
            35.2061564,
            31.8076129
          ],
          [
            35.2060509,
            31.8075333
          ],
          [
            35.2059893,
            31.807475
          ],
          [
            35.2059331,
            31.8074052
          ],
          [
            35.205898,
            31.8073469
          ],
          [
            35.2058414,
            31.8072435
          ],
          [
            35.2056234,
            31.8067735
          ],
          [
            35.2055427,
            31.806614
          ],
          [
            35.2054574,
            31.8065061
          ],
          [
            35.2053604,
            31.8064098
          ],
          [
            35.2052323,
            31.8063249
          ],
          [
            35.2051395,
            31.8062799
          ],
          [
            35.2049811,
            31.8062249
          ],
          [
            35.2047853,
            31.8061903
          ],
          [
            35.2046135,
            31.8061791
          ],
          [
            35.2044392,
            31.8061812
          ],
          [
            35.2043148,
            31.8061861
          ],
          [
            35.2042599,
            31.8061995
          ],
          [
            35.2042243,
            31.8062148
          ],
          [
            35.2041728,
            31.8062494
          ]
        ]
      }
    },
    {
      "type": "Feature",
      "properties": {
        "id": "w885805521",
        "category": "bike_road",
        "category_label": "Bike road (dedicated)",
        "name": "cycleway",
        "osm_way_id": "885805521",
        "partial": false
      },
      "geometry": {
        "type": "LineString",
        "coordinates": [
          [
            35.2088734,
            31.8067883
          ],
          [
            35.2088126,
            31.8068148
          ]
        ]
      }
    },
    {
      "type": "Feature",
      "properties": {
        "id": "w885805526",
        "category": "bike_road",
        "category_label": "Bike road (dedicated)",
        "name": "cycleway",
        "osm_way_id": "885805526",
        "partial": false
      },
      "geometry": {
        "type": "LineString",
        "coordinates": [
          [
            35.2090918,
            31.8067286
          ],
          [
            35.2090298,
            31.8067379
          ],
          [
            35.2088734,
            31.8067883
          ]
        ]
      }
    },
    {
      "type": "Feature",
      "properties": {
        "id": "w1187262988",
        "category": "bike_road",
        "category_label": "Bike road (dedicated)",
        "name": "cycleway",
        "osm_way_id": "1187262988",
        "partial": false
      },
      "geometry": {
        "type": "LineString",
        "coordinates": [
          [
            35.2090918,
            31.8067286
          ],
          [
            35.2091548,
            31.806726
          ],
          [
            35.2092187,
            31.8067308
          ],
          [
            35.2092646,
            31.806738
          ]
        ]
      }
    },
    {
      "type": "Feature",
      "properties": {
        "id": "w885805528",
        "category": "bike_road",
        "category_label": "Bike road (dedicated)",
        "name": "cycleway",
        "osm_way_id": "885805528",
        "partial": false
      },
      "geometry": {
        "type": "LineString",
        "coordinates": [
          [
            35.2088126,
            31.8068148
          ],
          [
            35.2086732,
            31.8068773
          ]
        ]
      }
    },
    {
      "type": "Feature",
      "properties": {
        "id": "w1092172571",
        "category": "bike_road",
        "category_label": "Bike road (dedicated)",
        "name": "path",
        "osm_way_id": "1092172571",
        "partial": false
      },
      "geometry": {
        "type": "LineString",
        "coordinates": [
          [
            35.2041728,
            31.8062494
          ],
          [
            35.2041334,
            31.8062961
          ],
          [
            35.2040821,
            31.806357
          ],
          [
            35.2039863,
            31.8063816
          ],
          [
            35.2037428,
            31.8064445
          ],
          [
            35.2036729,
            31.8064625
          ]
        ]
      }
    },
    {
      "type": "Feature",
      "properties": {
        "id": "w1427124686",
        "category": "bike_road",
        "category_label": "Bike road (dedicated)",
        "name": "path",
        "osm_way_id": "1427124686",
        "partial": false
      },
      "geometry": {
        "type": "LineString",
        "coordinates": [
          [
            35.2036729,
            31.8064625
          ],
          [
            35.2036266,
            31.8064745
          ],
          [
            35.2035271,
            31.8062911
          ],
          [
            35.2034825,
            31.8062264
          ],
          [
            35.203462,
            31.8062228
          ]
        ]
      }
    },
    {
      "type": "Feature",
      "properties": {
        "id": "w395504905",
        "category": "bike_road",
        "category_label": "Bike road (dedicated)",
        "name": "path",
        "osm_way_id": "395504905",
        "partial": false
      },
      "geometry": {
        "type": "LineString",
        "coordinates": [
          [
            35.203462,
            31.8062228
          ],
          [
            35.2032546,
            31.8061865
          ]
        ]
      }
    },
    {
      "type": "Feature",
      "properties": {
        "id": "w395504904",
        "category": "bike_road",
        "category_label": "Bike road (dedicated)",
        "name": "path",
        "osm_way_id": "395504904",
        "partial": false
      },
      "geometry": {
        "type": "LineString",
        "coordinates": [
          [
            35.2032546,
            31.8061865
          ],
          [
            35.2032197,
            31.8061874
          ],
          [
            35.2031894,
            31.8061953
          ],
          [
            35.2031644,
            31.80622
          ],
          [
            35.203159,
            31.8062499
          ],
          [
            35.2031725,
            31.806284
          ],
          [
            35.2031969,
            31.8063038
          ],
          [
            35.2032357,
            31.8063236
          ]
        ]
      }
    },
    {
      "type": "Feature",
      "properties": {
        "id": "w279819397",
        "category": "bike_road",
        "category_label": "Bike road (dedicated)",
        "name": "cycleway",
        "osm_way_id": "279819397",
        "partial": false
      },
      "geometry": {
        "type": "LineString",
        "coordinates": [
          [
            35.199313,
            31.803696
          ],
          [
            35.1995001,
            31.8039675
          ],
          [
            35.19971,
            31.804337
          ],
          [
            35.200069,
            31.804829
          ],
          [
            35.200444,
            31.805267
          ],
          [
            35.200914,
            31.805684
          ],
          [
            35.2015,
            31.806103
          ],
          [
            35.201712,
            31.806225
          ],
          [
            35.201903,
            31.806303
          ],
          [
            35.202215,
            31.806419
          ],
          [
            35.20254,
            31.806506
          ],
          [
            35.202752,
            31.806516
          ],
          [
            35.202961,
            31.806481
          ],
          [
            35.2030358,
            31.8064504
          ],
          [
            35.2030946,
            31.8064168
          ],
          [
            35.2031505,
            31.8063806
          ],
          [
            35.2032357,
            31.8063236
          ]
        ]
      }
    },
    {
      "type": "Feature",
      "properties": {
        "id": "w403482878",
        "category": "bike_road",
        "category_label": "Bike road (dedicated)",
        "name": "cycleway",
        "osm_way_id": "403482878",
        "partial": false
      },
      "geometry": {
        "type": "LineString",
        "coordinates": [
          [
            35.1940634,
            31.7987926
          ],
          [
            35.19434,
            31.798826
          ],
          [
            35.194796,
            31.798951
          ],
          [
            35.195131,
            31.799079
          ],
          [
            35.195258,
            31.799153
          ],
          [
            35.195412,
            31.799318
          ],
          [
            35.195761,
            31.79957
          ],
          [
            35.196305,
            31.79989
          ],
          [
            35.19668,
            31.800162
          ],
          [
            35.197014,
            31.800365
          ],
          [
            35.197544,
            31.8007214
          ],
          [
            35.197637,
            31.800784
          ],
          [
            35.1978,
            31.800874
          ],
          [
            35.197954,
            31.800997
          ],
          [
            35.198036,
            31.80111
          ],
          [
            35.198123,
            31.801281
          ],
          [
            35.198628,
            31.802004
          ],
          [
            35.198673,
            31.802113
          ],
          [
            35.198705,
            31.802261
          ],
          [
            35.198753,
            31.802669
          ],
          [
            35.198843,
            31.80298
          ],
          [
            35.198999,
            31.803241
          ],
          [
            35.199313,
            31.803696
          ]
        ]
      }
    },
    {
      "type": "Feature",
      "properties": {
        "id": "w123728293",
        "category": "bike_road",
        "category_label": "Bike road (dedicated)",
        "name": "path",
        "osm_way_id": "123728293",
        "partial": false
      },
      "geometry": {
        "type": "LineString",
        "coordinates": [
          [
            35.1940634,
            31.7987926
          ],
          [
            35.193981,
            31.79881
          ],
          [
            35.1937554,
            31.7987842
          ],
          [
            35.193727,
            31.798781
          ],
          [
            35.193429,
            31.798776
          ],
          [
            35.1933789,
            31.7987848
          ],
          [
            35.192845,
            31.798878
          ],
          [
            35.192036,
            31.798902
          ],
          [
            35.191801,
            31.798986
          ],
          [
            35.191381,
            31.799049
          ],
          [
            35.1913002,
            31.7990666
          ],
          [
            35.1911667,
            31.7991633
          ],
          [
            35.1910326,
            31.7993594
          ],
          [
            35.1909862,
            31.7995112
          ],
          [
            35.190945,
            31.799591
          ],
          [
            35.1909,
            31.799879
          ],
          [
            35.190893,
            31.800354
          ],
          [
            35.190875,
            31.800462
          ],
          [
            35.190815,
            31.800636
          ],
          [
            35.190661,
            31.800855
          ],
          [
            35.190509,
            31.800983
          ],
          [
            35.1904648,
            31.8010082
          ],
          [
            35.190402,
            31.801044
          ],
          [
            35.1901225,
            31.8011664
          ],
          [
            35.1900564,
            31.8011954
          ],
          [
            35.189409,
            31.801479
          ],
          [
            35.189243,
            31.801594
          ],
          [
            35.189047,
            31.801785
          ],
          [
            35.1885749,
            31.8024711
          ],
          [
            35.188429,
            31.80259
          ],
          [
            35.188123,
            31.803112
          ],
          [
            35.187726,
            31.803497
          ],
          [
            35.18733,
            31.803976
          ],
          [
            35.187155,
            31.80427
          ],
          [
            35.187083,
            31.804479
          ],
          [
            35.187059,
            31.80451
          ],
          [
            35.187,
            31.804563
          ],
          [
            35.186887,
            31.804615
          ],
          [
            35.1867125,
            31.8046171
          ]
        ]
      }
    },
    {
      "type": "Feature",
      "properties": {
        "id": "w236547756",
        "category": "bike_road",
        "category_label": "Bike road (dedicated)",
        "name": "path",
        "osm_way_id": "236547756",
        "partial": false
      },
      "geometry": {
        "type": "LineString",
        "coordinates": [
          [
            35.1867125,
            31.8046171
          ],
          [
            35.186383,
            31.804618
          ],
          [
            35.185892,
            31.80468
          ],
          [
            35.185717,
            31.804677
          ]
        ]
      }
    },
    {
      "type": "Feature",
      "properties": {
        "id": "w88831320",
        "category": "bike_road",
        "category_label": "Bike road (dedicated)",
        "name": "cycleway",
        "osm_way_id": "88831320",
        "partial": false
      },
      "geometry": {
        "type": "LineString",
        "coordinates": [
          [
            35.185717,
            31.804677
          ],
          [
            35.185576,
            31.804723
          ],
          [
            35.185375,
            31.804782
          ],
          [
            35.185208,
            31.80481
          ],
          [
            35.184742,
            31.804791
          ],
          [
            35.184236,
            31.804842
          ],
          [
            35.183428,
            31.804832
          ],
          [
            35.183092,
            31.804873
          ],
          [
            35.182717,
            31.804938
          ],
          [
            35.18231,
            31.80504
          ],
          [
            35.1822562,
            31.805056
          ],
          [
            35.18188,
            31.804921
          ],
          [
            35.181586,
            31.804891
          ],
          [
            35.181302,
            31.804815
          ],
          [
            35.181106,
            31.804745
          ],
          [
            35.180764,
            31.804532
          ],
          [
            35.1806989,
            31.8044754
          ],
          [
            35.1806187,
            31.8043607
          ],
          [
            35.1805325,
            31.8043322
          ],
          [
            35.180454,
            31.8043265
          ],
          [
            35.1803765,
            31.8043208
          ],
          [
            35.180295,
            31.8043073
          ],
          [
            35.180223,
            31.804283
          ],
          [
            35.180092,
            31.804191
          ],
          [
            35.179891,
            31.804005
          ],
          [
            35.179695,
            31.803866
          ],
          [
            35.178839,
            31.803394
          ],
          [
            35.178652,
            31.80331
          ],
          [
            35.17814,
            31.803133
          ],
          [
            35.177858,
            31.803052
          ],
          [
            35.17769,
            31.803032
          ],
          [
            35.177483,
            31.80307
          ],
          [
            35.177161,
            31.803244
          ],
          [
            35.176647,
            31.803416
          ],
          [
            35.17613,
            31.803666
          ],
          [
            35.175737,
            31.803803
          ],
          [
            35.174964,
            31.804104
          ],
          [
            35.174709,
            31.804235
          ],
          [
            35.174407,
            31.804434
          ],
          [
            35.17409,
            31.804616
          ],
          [
            35.173433,
            31.804949
          ],
          [
            35.173309,
            31.804967
          ],
          [
            35.17323,
            31.804943
          ],
          [
            35.1729914,
            31.8046913
          ]
        ]
      }
    },
    {
      "type": "Feature",
      "properties": {
        "id": "w123728285",
        "category": "bike_road",
        "category_label": "Bike road (dedicated)",
        "name": "cycleway",
        "osm_way_id": "123728285",
        "partial": false
      },
      "geometry": {
        "type": "LineString",
        "coordinates": [
          [
            35.1729914,
            31.8046913
          ],
          [
            35.172889,
            31.804538
          ],
          [
            35.1728559,
            31.8044015
          ],
          [
            35.1727969,
            31.8041311
          ],
          [
            35.1727743,
            31.8040444
          ],
          [
            35.1727441,
            31.8039592
          ],
          [
            35.1726781,
            31.803818
          ],
          [
            35.1725756,
            31.8036513
          ],
          [
            35.172092,
            31.803101
          ],
          [
            35.171992,
            31.802943
          ],
          [
            35.1719657,
            31.8028891
          ],
          [
            35.171896,
            31.802746
          ],
          [
            35.171842,
            31.802593
          ],
          [
            35.1716634,
            31.8018921
          ],
          [
            35.1715712,
            31.8015303
          ],
          [
            35.1715638,
            31.8015013
          ],
          [
            35.171554,
            31.801463
          ]
        ]
      }
    },
    {
      "type": "Feature",
      "properties": {
        "id": "w1093414162",
        "category": "bike_road",
        "category_label": "Bike road (dedicated)",
        "name": "cycleway",
        "osm_way_id": "1093414162",
        "partial": false
      },
      "geometry": {
        "type": "LineString",
        "coordinates": [
          [
            35.1716634,
            31.8018921
          ],
          [
            35.1714959,
            31.8018738
          ],
          [
            35.1713752,
            31.8018054
          ],
          [
            35.1713276,
            31.801659
          ],
          [
            35.1713117,
            31.8016023
          ],
          [
            35.1713032,
            31.8015746
          ]
        ]
      }
    },
    {
      "type": "Feature",
      "properties": {
        "id": "w1178613262",
        "category": "bike_road",
        "category_label": "Bike road (dedicated)",
        "name": "service",
        "osm_way_id": "1178613262",
        "partial": false
      },
      "geometry": {
        "type": "LineString",
        "coordinates": [
          [
            35.1712024,
            31.8015846
          ],
          [
            35.1712607,
            31.8015776
          ]
        ]
      }
    },
    {
      "type": "Feature",
      "properties": {
        "id": "w123728287",
        "category": "bike_road",
        "category_label": "Bike road (dedicated)",
        "name": "cycleway",
        "osm_way_id": "123728287",
        "partial": false
      },
      "geometry": {
        "type": "LineString",
        "coordinates": [
          [
            35.1710555,
            31.8016037
          ],
          [
            35.1712024,
            31.8015846
          ]
        ]
      }
    },
    {
      "type": "Feature",
      "properties": {
        "id": "w842711096",
        "category": "bike_road",
        "category_label": "Bike road (dedicated)",
        "name": "נחל חלילים",
        "osm_way_id": "842711096",
        "partial": false
      },
      "geometry": {
        "type": "LineString",
        "coordinates": [
          [
            35.1708373,
            31.8014405
          ],
          [
            35.170872,
            31.801453
          ],
          [
            35.1709712,
            31.8015244
          ],
          [
            35.1710555,
            31.8016037
          ]
        ]
      }
    },
    {
      "type": "Feature",
      "properties": {
        "id": "w1311002160",
        "category": "bike_road",
        "category_label": "Bike road (dedicated)",
        "name": "cycleway",
        "osm_way_id": "1311002160",
        "partial": false
      },
      "geometry": {
        "type": "LineString",
        "coordinates": [
          [
            35.1704232,
            31.8001217
          ],
          [
            35.170472,
            31.800253
          ],
          [
            35.170594,
            31.800785
          ],
          [
            35.170615,
            31.800893
          ],
          [
            35.170616,
            31.801182
          ],
          [
            35.170775,
            31.801396
          ],
          [
            35.1708373,
            31.8014405
          ]
        ]
      }
    },
    {
      "type": "Feature",
      "properties": {
        "id": "w1311002158",
        "category": "bike_road",
        "category_label": "Bike road (dedicated)",
        "name": "cycleway",
        "osm_way_id": "1311002158",
        "partial": false
      },
      "geometry": {
        "type": "LineString",
        "coordinates": [
          [
            35.1704232,
            31.8001217
          ],
          [
            35.170572,
            31.8000143
          ],
          [
            35.1705039,
            31.799707
          ],
          [
            35.1703489,
            31.7994057
          ],
          [
            35.1703137,
            31.7993418
          ],
          [
            35.1701141,
            31.7991822
          ],
          [
            35.1699873,
            31.7989607
          ],
          [
            35.1701,
            31.798839
          ],
          [
            35.1702552,
            31.7987883
          ],
          [
            35.1704381,
            31.7985975
          ],
          [
            35.1702644,
            31.7983121
          ],
          [
            35.1700392,
            31.7979836
          ]
        ]
      }
    },
    {
      "type": "Feature",
      "properties": {
        "id": "w283416848",
        "category": "bike_road",
        "category_label": "Bike road (dedicated)",
        "name": "cycleway",
        "osm_way_id": "283416848",
        "partial": false
      },
      "geometry": {
        "type": "LineString",
        "coordinates": [
          [
            35.1691869,
            31.7971457
          ],
          [
            35.1694487,
            31.7973898
          ],
          [
            35.1697147,
            31.7976383
          ],
          [
            35.1700135,
            31.797933
          ],
          [
            35.1700392,
            31.7979836
          ]
        ]
      }
    },
    {
      "type": "Feature",
      "properties": {
        "id": "w397074439",
        "category": "bike_road",
        "category_label": "Bike road (dedicated)",
        "name": "cycleway",
        "osm_way_id": "397074439",
        "partial": false
      },
      "geometry": {
        "type": "LineString",
        "coordinates": [
          [
            35.1660458,
            31.7955301
          ],
          [
            35.166158,
            31.795456
          ],
          [
            35.166393,
            31.79527
          ],
          [
            35.166623,
            31.795058
          ],
          [
            35.166677,
            31.794969
          ],
          [
            35.1666382,
            31.7949006
          ],
          [
            35.1664979,
            31.7948094
          ],
          [
            35.1662951,
            31.7945716
          ],
          [
            35.166198,
            31.794345
          ],
          [
            35.166162,
            31.794247
          ],
          [
            35.16614,
            31.793882
          ],
          [
            35.166196,
            31.793686
          ],
          [
            35.166198,
            31.793566
          ],
          [
            35.166146,
            31.793436
          ],
          [
            35.1660845,
            31.793332
          ],
          [
            35.166152,
            31.7932922
          ],
          [
            35.1661813,
            31.7932847
          ],
          [
            35.1662163,
            31.7932845
          ],
          [
            35.1662525,
            31.7932899
          ],
          [
            35.1662921,
            31.7933018
          ],
          [
            35.1663439,
            31.7933261
          ],
          [
            35.166379,
            31.7933348
          ],
          [
            35.1664087,
            31.7933349
          ],
          [
            35.1664433,
            31.793321
          ],
          [
            35.1664612,
            31.7932986
          ],
          [
            35.1664649,
            31.7932803
          ],
          [
            35.1664628,
            31.7932496
          ],
          [
            35.1664603,
            31.7932211
          ],
          [
            35.1664423,
            31.7931385
          ]
        ]
      }
    },
    {
      "type": "Feature",
      "properties": {
        "id": "w1221597416",
        "category": "bike_road",
        "category_label": "Bike road (dedicated)",
        "name": "cycleway",
        "osm_way_id": "1221597416",
        "partial": false
      },
      "geometry": {
        "type": "LineString",
        "coordinates": [
          [
            35.1664675,
            31.7922304
          ],
          [
            35.1664561,
            31.7922787
          ],
          [
            35.166452,
            31.7923334
          ],
          [
            35.1664561,
            31.7923745
          ],
          [
            35.1664679,
            31.7924045
          ],
          [
            35.1664867,
            31.7924412
          ],
          [
            35.1665202,
            31.7924945
          ],
          [
            35.1665378,
            31.7925323
          ],
          [
            35.1665461,
            31.7925688
          ],
          [
            35.1665774,
            31.7926147
          ],
          [
            35.1666121,
            31.7926567
          ],
          [
            35.1666562,
            31.7927089
          ],
          [
            35.1666731,
            31.7927457
          ],
          [
            35.1666799,
            31.7927862
          ],
          [
            35.1666717,
            31.7928188
          ],
          [
            35.1666509,
            31.792824
          ],
          [
            35.1666081,
            31.7928218
          ],
          [
            35.1665506,
            31.7928468
          ],
          [
            35.1664478,
            31.7928742
          ],
          [
            35.1663659,
            31.7929388
          ],
          [
            35.1663512,
            31.792968
          ],
          [
            35.1663567,
            31.793012
          ],
          [
            35.1663757,
            31.7930494
          ],
          [
            35.1664061,
            31.7930953
          ],
          [
            35.1664423,
            31.7931385
          ]
        ]
      }
    },
    {
      "type": "Feature",
      "properties": {
        "id": "p14_282643363",
        "category": "bike_road",
        "category_label": "Bike road (dedicated)",
        "name": "unclassified",
        "osm_way_id": "282643363",
        "partial": true
      },
      "geometry": {
        "type": "LineString",
        "coordinates": [
          [
            35.16658690212405,
            31.791968428757198
          ],
          [
            35.166569,
            31.7920402
          ],
          [
            35.1665071,
            31.792143
          ],
          [
            35.166471215757106,
            31.79222219906135
          ]
        ]
      }
    },
    {
      "type": "Feature",
      "properties": {
        "id": "w282643363",
        "category": "bike_friendly",
        "category_label": "Bike-friendly road",
        "name": "unclassified",
        "osm_way_id": "282643363",
        "partial": false
      },
      "geometry": {
        "type": "LineString",
        "coordinates": [
          [
            35.16649,
            31.7906265
          ],
          [
            35.1665541,
            31.7908098
          ],
          [
            35.1665745,
            31.7910673
          ],
          [
            35.166557,
            31.791571
          ],
          [
            35.166591,
            31.791952
          ],
          [
            35.166569,
            31.7920402
          ],
          [
            35.1665071,
            31.792143
          ],
          [
            35.1664675,
            31.7922304
          ]
        ]
      }
    },
    {
      "type": "Feature",
      "properties": {
        "id": "w124190864",
        "category": "bike_road",
        "category_label": "Bike road (dedicated)",
        "name": "path",
        "osm_way_id": "124190864",
        "partial": false
      },
      "geometry": {
        "type": "LineString",
        "coordinates": [
          [
            35.155572,
            31.78231
          ],
          [
            35.155496,
            31.782695
          ],
          [
            35.155479,
            31.782997
          ],
          [
            35.155497,
            31.783265
          ],
          [
            35.155605,
            31.783543
          ],
          [
            35.155778,
            31.783867
          ],
          [
            35.156098,
            31.784271
          ],
          [
            35.156289,
            31.784457
          ],
          [
            35.15723,
            31.785024
          ],
          [
            35.157899,
            31.785232
          ],
          [
            35.158359,
            31.785346
          ],
          [
            35.159137,
            31.785503
          ],
          [
            35.160728,
            31.785903
          ],
          [
            35.161246,
            31.78601
          ],
          [
            35.161367,
            31.78603
          ],
          [
            35.16152,
            31.786024
          ],
          [
            35.161858,
            31.785938
          ],
          [
            35.1620154,
            31.7859074
          ],
          [
            35.1621456,
            31.7859075
          ],
          [
            35.1622244,
            31.7859327
          ],
          [
            35.1622835,
            31.7859776
          ],
          [
            35.1623276,
            31.7860296
          ],
          [
            35.1624649,
            31.7862269
          ],
          [
            35.1625122,
            31.7862899
          ],
          [
            35.162639,
            31.7865343
          ],
          [
            35.1626769,
            31.7867605
          ],
          [
            35.1626908,
            31.7868339
          ],
          [
            35.1628074,
            31.7869549
          ],
          [
            35.163091,
            31.787092
          ],
          [
            35.163607,
            31.7873782
          ],
          [
            35.164025,
            31.78769
          ],
          [
            35.164182,
            31.787844
          ],
          [
            35.164388,
            31.787994
          ],
          [
            35.164715,
            31.788182
          ],
          [
            35.165435,
            31.7888352
          ],
          [
            35.1655757,
            31.7889848
          ],
          [
            35.1657389,
            31.7892695
          ],
          [
            35.165973,
            31.789702
          ],
          [
            35.166177,
            31.790005
          ],
          [
            35.166338,
            31.790354
          ],
          [
            35.16649,
            31.7906265
          ]
        ]
      }
    },
    {
      "type": "Feature",
      "properties": {
        "id": "w270189171",
        "category": "bike_road",
        "category_label": "Bike road (dedicated)",
        "name": "path",
        "osm_way_id": "270189171",
        "partial": false
      },
      "geometry": {
        "type": "LineString",
        "coordinates": [
          [
            35.15818,
            31.776366
          ],
          [
            35.1581324,
            31.7765635
          ],
          [
            35.158106,
            31.776673
          ],
          [
            35.15766,
            31.77812
          ],
          [
            35.157511,
            31.778453
          ],
          [
            35.157268,
            31.778907
          ],
          [
            35.157164,
            31.779197
          ],
          [
            35.1570962,
            31.7793623
          ],
          [
            35.156737,
            31.780238
          ],
          [
            35.1566882,
            31.7803216
          ],
          [
            35.156597,
            31.780478
          ],
          [
            35.1565815,
            31.780498
          ],
          [
            35.156312,
            31.780844
          ],
          [
            35.1560922,
            31.7811319
          ],
          [
            35.1559746,
            31.7813799
          ],
          [
            35.155657,
            31.78207
          ],
          [
            35.155572,
            31.78231
          ]
        ]
      }
    },
    {
      "type": "Feature",
      "properties": {
        "id": "w1033557457",
        "category": "bike_road",
        "category_label": "Bike road (dedicated)",
        "name": "path",
        "osm_way_id": "1033557457",
        "partial": false
      },
      "geometry": {
        "type": "LineString",
        "coordinates": [
          [
            35.1544685,
            31.7733452
          ],
          [
            35.1549443,
            31.7733856
          ],
          [
            35.1558516,
            31.7734342
          ],
          [
            35.1563073,
            31.7735444
          ],
          [
            35.1566269,
            31.773645
          ],
          [
            35.1569018,
            31.7737674
          ],
          [
            35.157216,
            31.7739777
          ],
          [
            35.157468,
            31.7741417
          ],
          [
            35.157801,
            31.774486
          ],
          [
            35.1579254,
            31.7746932
          ],
          [
            35.158034,
            31.774874
          ],
          [
            35.158109,
            31.775117
          ],
          [
            35.15824,
            31.775868
          ],
          [
            35.158241,
            31.776049
          ],
          [
            35.1582347,
            31.776082
          ],
          [
            35.1582255,
            31.7761297
          ],
          [
            35.15818,
            31.776366
          ]
        ]
      }
    },
    {
      "type": "Feature",
      "properties": {
        "id": "w282644261",
        "category": "bike_road",
        "category_label": "Bike road (dedicated)",
        "name": "path",
        "osm_way_id": "282644261",
        "partial": false
      },
      "geometry": {
        "type": "LineString",
        "coordinates": [
          [
            35.1540515,
            31.7699158
          ],
          [
            35.154142,
            31.769768
          ],
          [
            35.1542299,
            31.7696214
          ]
        ]
      }
    },
    {
      "type": "Feature",
      "properties": {
        "id": "w775593208",
        "category": "bike_road",
        "category_label": "Bike road (dedicated)",
        "name": "path",
        "osm_way_id": "775593208",
        "partial": false
      },
      "geometry": {
        "type": "LineString",
        "coordinates": [
          [
            35.1542299,
            31.7696214
          ],
          [
            35.1544065,
            31.7693266
          ],
          [
            35.1547927,
            31.7686425
          ],
          [
            35.1560265,
            31.7676665
          ],
          [
            35.156402,
            31.7673928
          ],
          [
            35.1572711,
            31.7669458
          ],
          [
            35.1574997,
            31.7668206
          ],
          [
            35.157742,
            31.766696
          ],
          [
            35.1579817,
            31.7665429
          ],
          [
            35.1580097,
            31.766525
          ],
          [
            35.1580339,
            31.7664669
          ],
          [
            35.1580832,
            31.7663647
          ],
          [
            35.1581129,
            31.7662309
          ]
        ]
      }
    },
    {
      "type": "Feature",
      "properties": {
        "id": "w728309699",
        "category": "bike_road",
        "category_label": "Bike road (dedicated)",
        "name": "מנהרת כרם",
        "osm_way_id": "728309699",
        "partial": false
      },
      "geometry": {
        "type": "LineString",
        "coordinates": [
          [
            35.1610981,
            31.747892
          ],
          [
            35.1581129,
            31.7662309
          ]
        ]
      }
    },
    {
      "type": "Feature",
      "properties": {
        "id": "w968791471",
        "category": "bike_road",
        "category_label": "Bike road (dedicated)",
        "name": "path",
        "osm_way_id": "968791471",
        "partial": false
      },
      "geometry": {
        "type": "LineString",
        "coordinates": [
          [
            35.1561376,
            31.7625431
          ],
          [
            35.1561117,
            31.7625623
          ],
          [
            35.1562387,
            31.7626639
          ],
          [
            35.1557848,
            31.7632559
          ],
          [
            35.1554309,
            31.7637904
          ],
          [
            35.1553254,
            31.7639484
          ],
          [
            35.1551006,
            31.764147
          ],
          [
            35.1550057,
            31.7642206
          ],
          [
            35.1548046,
            31.7641964
          ],
          [
            35.154334,
            31.7643948
          ],
          [
            35.1541023,
            31.7644422
          ],
          [
            35.1540366,
            31.7645253
          ],
          [
            35.153942,
            31.764641
          ],
          [
            35.1534163,
            31.76462
          ],
          [
            35.152683,
            31.7645832
          ],
          [
            35.1525587,
            31.764577
          ],
          [
            35.1523382,
            31.7645608
          ],
          [
            35.152204,
            31.7645449
          ],
          [
            35.1521287,
            31.7645266
          ],
          [
            35.1519771,
            31.7644855
          ],
          [
            35.151479,
            31.764305
          ]
        ]
      }
    },
    {
      "type": "Feature",
      "properties": {
        "id": "w968791469",
        "category": "bike_road",
        "category_label": "Bike road (dedicated)",
        "name": "footway",
        "osm_way_id": "968791469",
        "partial": false
      },
      "geometry": {
        "type": "LineString",
        "coordinates": [
          [
            35.159568,
            31.7575797
          ],
          [
            35.1594809,
            31.7576526
          ],
          [
            35.1592717,
            31.7578533
          ],
          [
            35.1590571,
            31.7580403
          ],
          [
            35.159092,
            31.7580859
          ],
          [
            35.1591724,
            31.7580813
          ],
          [
            35.1593065,
            31.7580403
          ],
          [
            35.1594299,
            31.7579924
          ],
          [
            35.1595292,
            31.7579627
          ],
          [
            35.1595399,
            31.7579901
          ],
          [
            35.1594943,
            31.7580426
          ],
          [
            35.159395,
            31.758111
          ],
          [
            35.1591724,
            31.758225
          ],
          [
            35.1590437,
            31.7583619
          ],
          [
            35.1589793,
            31.758558
          ],
          [
            35.1589525,
            31.7588932
          ],
          [
            35.1589203,
            31.7591646
          ],
          [
            35.1588345,
            31.7594657
          ],
          [
            35.1587647,
            31.7595751
          ],
          [
            35.1585904,
            31.7600997
          ],
          [
            35.1585234,
            31.7603459
          ],
          [
            35.1585265,
            31.760599
          ],
          [
            35.1586279,
            31.7610415
          ],
          [
            35.1587755,
            31.7615547
          ],
          [
            35.1587433,
            31.7617622
          ],
          [
            35.1586038,
            31.7620815
          ],
          [
            35.1583034,
            31.7623369
          ],
          [
            35.1579062,
            31.7625291
          ],
          [
            35.1576277,
            31.7625531
          ],
          [
            35.1572393,
            31.7625535
          ],
          [
            35.1568316,
            31.7625287
          ],
          [
            35.1567917,
            31.7623601
          ],
          [
            35.1566226,
            31.762373
          ],
          [
            35.1564902,
            31.7624008
          ]
        ]
      }
    },
    {
      "type": "Feature",
      "properties": {
        "id": "w968791472",
        "category": "bike_road",
        "category_label": "Bike road (dedicated)",
        "name": "path",
        "osm_way_id": "968791472",
        "partial": false
      },
      "geometry": {
        "type": "LineString",
        "coordinates": [
          [
            35.1564902,
            31.7624008
          ],
          [
            35.1563121,
            31.7624569
          ],
          [
            35.1561376,
            31.7625431
          ]
        ]
      }
    },
    {
      "type": "Feature",
      "properties": {
        "id": "w728309700",
        "category": "bike_road",
        "category_label": "Bike road (dedicated)",
        "name": "cycleway",
        "osm_way_id": "728309700",
        "partial": false
      },
      "geometry": {
        "type": "LineString",
        "coordinates": [
          [
            35.1610981,
            31.747892
          ],
          [
            35.1611004,
            31.7478756
          ],
          [
            35.1611473,
            31.7475403
          ],
          [
            35.1613715,
            31.7472782
          ],
          [
            35.1615523,
            31.7471067
          ],
          [
            35.161737,
            31.7469951
          ],
          [
            35.1620243,
            31.7468541
          ],
          [
            35.1622302,
            31.7467442
          ],
          [
            35.1626908,
            31.7465154
          ],
          [
            35.1629148,
            31.7464299
          ],
          [
            35.1631951,
            31.7462914
          ],
          [
            35.1632829,
            31.7462564
          ],
          [
            35.1633068,
            31.7462556
          ]
        ]
      }
    },
    {
      "type": "Feature",
      "properties": {
        "id": "w1092966882",
        "category": "bike_road",
        "category_label": "Bike road (dedicated)",
        "name": "cycleway",
        "osm_way_id": "1092966882",
        "partial": false
      },
      "geometry": {
        "type": "LineString",
        "coordinates": [
          [
            35.1721224,
            31.7435991
          ],
          [
            35.1721073,
            31.743559
          ],
          [
            35.1720738,
            31.7435362
          ],
          [
            35.1718668,
            31.7435506
          ],
          [
            35.1712041,
            31.7436128
          ],
          [
            35.1709439,
            31.743599
          ],
          [
            35.1704378,
            31.743497
          ],
          [
            35.1701674,
            31.7434866
          ],
          [
            35.1693137,
            31.7435748
          ],
          [
            35.1691714,
            31.7435903
          ],
          [
            35.1691185,
            31.7435973
          ],
          [
            35.1689417,
            31.7436232
          ],
          [
            35.1681713,
            31.7437822
          ],
          [
            35.1677525,
            31.7438427
          ],
          [
            35.1674049,
            31.7438617
          ],
          [
            35.1670106,
            31.7438669
          ],
          [
            35.1669067,
            31.7438664
          ],
          [
            35.1667484,
            31.7438698
          ],
          [
            35.1666411,
            31.7438721
          ],
          [
            35.1664104,
            31.743879
          ],
          [
            35.1662415,
            31.7438938
          ],
          [
            35.1661342,
            31.743912
          ],
          [
            35.1659907,
            31.7439428
          ],
          [
            35.165807,
            31.7439953
          ],
          [
            35.165524,
            31.744107
          ],
          [
            35.1653309,
            31.7442108
          ],
          [
            35.1651726,
            31.7443135
          ],
          [
            35.1649553,
            31.7444982
          ],
          [
            35.1635566,
            31.7458828
          ],
          [
            35.1635068,
            31.7459072
          ],
          [
            35.1634581,
            31.7459245
          ],
          [
            35.1634121,
            31.7459426
          ],
          [
            35.163374,
            31.7459659
          ],
          [
            35.1633599,
            31.7459862
          ],
          [
            35.163351,
            31.7460216
          ],
          [
            35.1633528,
            31.7460607
          ],
          [
            35.163359,
            31.7460991
          ],
          [
            35.1633634,
            31.746136
          ],
          [
            35.1633422,
            31.7462022
          ],
          [
            35.1633245,
            31.7462338
          ],
          [
            35.1633068,
            31.7462556
          ],
          [
            35.1633535,
            31.7462763
          ]
        ]
      }
    },
    {
      "type": "Feature",
      "properties": {
        "id": "w352141905",
        "category": "bike_road",
        "category_label": "Bike road (dedicated)",
        "name": "path",
        "osm_way_id": "352141905",
        "partial": false
      },
      "geometry": {
        "type": "LineString",
        "coordinates": [
          [
            35.1921925,
            31.7468399
          ],
          [
            35.1921015,
            31.7466655
          ],
          [
            35.1920609,
            31.7465486
          ],
          [
            35.1919934,
            31.7464068
          ],
          [
            35.1918266,
            31.7462746
          ],
          [
            35.1916239,
            31.7462076
          ],
          [
            35.191335,
            31.746187
          ],
          [
            35.191056,
            31.746221
          ],
          [
            35.190141,
            31.746476
          ],
          [
            35.189968,
            31.746539
          ],
          [
            35.189731,
            31.746652
          ],
          [
            35.189512,
            31.746877
          ],
          [
            35.18944,
            31.746908
          ],
          [
            35.189217,
            31.746951
          ],
          [
            35.189139,
            31.746992
          ],
          [
            35.189003,
            31.747138
          ],
          [
            35.188903,
            31.747217
          ],
          [
            35.188819,
            31.747253
          ],
          [
            35.188737,
            31.747267
          ],
          [
            35.188636,
            31.747254
          ],
          [
            35.1885439,
            31.7472421
          ],
          [
            35.1885607,
            31.7471242
          ],
          [
            35.188569,
            31.747057
          ],
          [
            35.1885346,
            31.7470325
          ],
          [
            35.1884521,
            31.7471789
          ],
          [
            35.1883985,
            31.7472938
          ],
          [
            35.1883702,
            31.7473546
          ],
          [
            35.1882383,
            31.7474125
          ],
          [
            35.1882846,
            31.7473116
          ],
          [
            35.1883166,
            31.7472439
          ],
          [
            35.1882896,
            31.7472276
          ],
          [
            35.1881467,
            31.7473374
          ],
          [
            35.187987,
            31.74746
          ],
          [
            35.187518,
            31.747571
          ],
          [
            35.18708,
            31.747639
          ],
          [
            35.186335,
            31.747782
          ],
          [
            35.1862,
            31.747795
          ],
          [
            35.18598,
            31.747788
          ],
          [
            35.18584,
            31.747761
          ],
          [
            35.185562,
            31.747662
          ],
          [
            35.185087,
            31.747457
          ],
          [
            35.184893,
            31.747335
          ],
          [
            35.1848662,
            31.7473169
          ],
          [
            35.1847049,
            31.747208
          ],
          [
            35.1846541,
            31.7471905
          ],
          [
            35.1846347,
            31.7472013
          ],
          [
            35.184633,
            31.7472242
          ],
          [
            35.184736,
            31.747311
          ],
          [
            35.1849844,
            31.7475529
          ],
          [
            35.1850046,
            31.7476047
          ],
          [
            35.1850051,
            31.7476586
          ],
          [
            35.1849406,
            31.7476989
          ],
          [
            35.1847952,
            31.747685
          ],
          [
            35.184491,
            31.7475828
          ],
          [
            35.1844066,
            31.7475378
          ],
          [
            35.1842489,
            31.7474541
          ],
          [
            35.1840915,
            31.7473638
          ],
          [
            35.1839977,
            31.747277
          ],
          [
            35.1839333,
            31.747261
          ],
          [
            35.1838996,
            31.7472588
          ],
          [
            35.1838719,
            31.7472403
          ],
          [
            35.1838354,
            31.7471982
          ],
          [
            35.1837488,
            31.7471495
          ],
          [
            35.1837229,
            31.747135
          ],
          [
            35.1836968,
            31.7471325
          ],
          [
            35.1836122,
            31.7471559
          ],
          [
            35.1835393,
            31.7471761
          ],
          [
            35.1835261,
            31.7471848
          ],
          [
            35.1835224,
            31.7471963
          ],
          [
            35.183525,
            31.7472204
          ],
          [
            35.1834719,
            31.7473009
          ],
          [
            35.1834195,
            31.7473786
          ]
        ]
      }
    },
    {
      "type": "Feature",
      "properties": {
        "id": "w1096752364",
        "category": "bike_road",
        "category_label": "Bike road (dedicated)",
        "name": "Ha'Mesila bikeway detour",
        "osm_way_id": "1096752364",
        "partial": false
      },
      "geometry": {
        "type": "LineString",
        "coordinates": [
          [
            35.1952235,
            31.7500178
          ],
          [
            35.1952336,
            31.7499574
          ],
          [
            35.1952238,
            31.7498759
          ],
          [
            35.195002,
            31.7495569
          ],
          [
            35.1949018,
            31.7492788
          ],
          [
            35.1946014,
            31.7489139
          ],
          [
            35.1943868,
            31.7485946
          ],
          [
            35.1940864,
            31.7482935
          ],
          [
            35.1938289,
            31.748111
          ],
          [
            35.1935285,
            31.7477826
          ],
          [
            35.1927346,
            31.7471439
          ],
          [
            35.1926702,
            31.7470344
          ],
          [
            35.1925558,
            31.7467926
          ],
          [
            35.192506,
            31.7467496
          ],
          [
            35.1924215,
            31.7467542
          ],
          [
            35.1921925,
            31.7468399
          ]
        ]
      }
    },
    {
      "type": "Feature",
      "properties": {
        "id": "w1254767855",
        "category": "bike_road",
        "category_label": "Bike road (dedicated)",
        "name": "Ha'Mesila bikeway detour",
        "osm_way_id": "1254767855",
        "partial": false
      },
      "geometry": {
        "type": "LineString",
        "coordinates": [
          [
            35.1951404,
            31.7503039
          ],
          [
            35.1952235,
            31.7500178
          ]
        ]
      }
    },
    {
      "type": "Feature",
      "properties": {
        "id": "w1203811182",
        "category": "bike_road",
        "category_label": "Bike road (dedicated)",
        "name": "footway",
        "osm_way_id": "1203811182",
        "partial": false
      },
      "geometry": {
        "type": "LineString",
        "coordinates": [
          [
            35.1932242,
            31.7495633
          ],
          [
            35.1932676,
            31.7495144
          ],
          [
            35.1933668,
            31.7494026
          ]
        ]
      }
    },
    {
      "type": "Feature",
      "properties": {
        "id": "w1111512218",
        "category": "bike_road",
        "category_label": "Bike road (dedicated)",
        "name": "דוד בנבנישתי",
        "osm_way_id": "1111512218",
        "partial": false
      },
      "geometry": {
        "type": "LineString",
        "coordinates": [
          [
            35.1932194,
            31.7493103
          ],
          [
            35.1933668,
            31.7494026
          ],
          [
            35.1935473,
            31.7495211
          ],
          [
            35.1937318,
            31.7496511
          ],
          [
            35.1944184,
            31.7501681
          ],
          [
            35.1945469,
            31.7502576
          ],
          [
            35.1946655,
            31.7503351
          ],
          [
            35.1947927,
            31.7504076
          ]
        ]
      }
    },
    {
      "type": "Feature",
      "properties": {
        "id": "w166564021",
        "category": "bike_road",
        "category_label": "Bike road (dedicated)",
        "name": "דוד בנבנישתי",
        "osm_way_id": "166564021",
        "partial": false
      },
      "geometry": {
        "type": "LineString",
        "coordinates": [
          [
            35.1947927,
            31.7504076
          ],
          [
            35.1948163,
            31.7504205
          ],
          [
            35.1949263,
            31.7504775
          ],
          [
            35.1950332,
            31.7505191
          ],
          [
            35.1951574,
            31.7505632
          ],
          [
            35.1952972,
            31.7505996
          ]
        ]
      }
    },
    {
      "type": "Feature",
      "properties": {
        "id": "w104949579",
        "category": "bike_road",
        "category_label": "Bike road (dedicated)",
        "name": "דוד בנבנישתי",
        "osm_way_id": "104949579",
        "partial": false
      },
      "geometry": {
        "type": "LineString",
        "coordinates": [
          [
            35.1952972,
            31.7505996
          ],
          [
            35.1955271,
            31.750649
          ],
          [
            35.1956738,
            31.7506688
          ],
          [
            35.1958071,
            31.7506768
          ],
          [
            35.1959573,
            31.7506813
          ],
          [
            35.1961021,
            31.7506768
          ],
          [
            35.1962692,
            31.7506688
          ],
          [
            35.1963972,
            31.7506517
          ],
          [
            35.1965708,
            31.7506233
          ],
          [
            35.1967303,
            31.7505824
          ],
          [
            35.1968709,
            31.7505392
          ],
          [
            35.197902,
            31.7501718
          ],
          [
            35.1979221,
            31.7501644
          ]
        ]
      }
    },
    {
      "type": "Feature",
      "properties": {
        "id": "w1429263905",
        "category": "bike_road",
        "category_label": "Bike road (dedicated)",
        "name": "דוד בנבנישתי",
        "osm_way_id": "1429263905",
        "partial": false
      },
      "geometry": {
        "type": "LineString",
        "coordinates": [
          [
            35.1979221,
            31.7501644
          ],
          [
            35.1979905,
            31.7501468
          ],
          [
            35.1980523,
            31.750137
          ],
          [
            35.1981572,
            31.7501258
          ],
          [
            35.1982154,
            31.7501214
          ],
          [
            35.1982484,
            31.7501192
          ],
          [
            35.1982795,
            31.7501188
          ],
          [
            35.1983101,
            31.7501207
          ],
          [
            35.198337,
            31.7501248
          ]
        ]
      }
    },
    {
      "type": "Feature",
      "properties": {
        "id": "w1187719938",
        "category": "bike_road",
        "category_label": "Bike road (dedicated)",
        "name": "דב יוסף",
        "osm_way_id": "1187719938",
        "partial": false
      },
      "geometry": {
        "type": "LineString",
        "coordinates": [
          [
            35.1945519,
            31.7344516
          ],
          [
            35.194543,
            31.7346259
          ],
          [
            35.1945475,
            31.7348069
          ],
          [
            35.194564,
            31.7350009
          ],
          [
            35.1948258,
            31.7366541
          ],
          [
            35.1948987,
            31.7370342
          ],
          [
            35.1949433,
            31.7372666
          ],
          [
            35.1949984,
            31.7375538
          ],
          [
            35.195034,
            31.7377786
          ],
          [
            35.1950972,
            31.7381942
          ]
        ]
      }
    },
    {
      "type": "Feature",
      "properties": {
        "id": "w879357822",
        "category": "bike_road",
        "category_label": "Bike road (dedicated)",
        "name": "דב יוסף",
        "osm_way_id": "879357822",
        "partial": false
      },
      "geometry": {
        "type": "LineString",
        "coordinates": [
          [
            35.19489,
            31.7385374
          ],
          [
            35.1948758,
            31.7384147
          ],
          [
            35.194768,
            31.7374819
          ],
          [
            35.1947438,
            31.7372851
          ],
          [
            35.1947237,
            31.7371217
          ],
          [
            35.1946962,
            31.7368771
          ],
          [
            35.1945941,
            31.7362841
          ],
          [
            35.1945482,
            31.7359887
          ],
          [
            35.1943815,
            31.7350269
          ],
          [
            35.1943592,
            31.7348131
          ],
          [
            35.1943529,
            31.7345819
          ],
          [
            35.1943807,
            31.7343004
          ]
        ]
      }
    }
  ]
}